discipline_title,event_title,slug_game,medal_type,value_unit
Swimming,Men's 4 x 200m Freestyle Relay,Paris-2024,GOLD,
Swimming,Men's 4 x 200m Freestyle Relay,Paris-2024,SILVER,
Swimming,Men's 4 x 200m Freestyle Relay,Paris-2024,BRONZE,
Swimming,Men's 4 x 100m Freestyle Relay,Paris-2024,GOLD,
Swimming,Men's 4 x 100m Freestyle Relay,Paris-2024,SILVER,
Swimming,Men's 4 x 100m Freestyle Relay,Paris-2024,BRONZE,
Swimming,Women's 4 x 100m Freestyle Relay,Paris-2024,GOLD,
Swimming,Women's 4 x 100m Freestyle Relay,Paris-2024,SILVER,
Swimming,Women's 4 x 100m Freestyle Relay,Paris-2024,BRONZE,
Swimming,Women's 4 x 200m Freestyle Relay,Paris-2024,GOLD,
Swimming,Women's 4 x 200m Freestyle Relay,Paris-2024,SILVER,
Swimming,Women's 4 x 200m Freestyle Relay,Paris-2024,BRONZE,
Athletics,Women's 4 x 100m Relay,Paris-2024,GOLD,
Athletics,Women's 4 x 100m Relay,Paris-2024,SILVER,
Athletics,Women's 4 x 100m Relay,Paris-2024,BRONZE,
Athletics,Women's 4 x 400m Relay,Paris-2024,GOLD,
Athletics,Women's 4 x 400m Relay,Paris-2024,SILVER,
Athletics,Women's 4 x 400m Relay,Paris-2024,BRONZE,
Athletics,Men's 4 x 100m Relay,Paris-2024,GOLD,
Athletics,Men's 4 x 100m Relay,Paris-2024,SILVER,
Athletics,Men's 4 x 100m Relay,Paris-2024,BRONZE,
Athletics,Men's 4 x 400m Relay,Paris-2024,GOLD,
Athletics,Men's 4 x 400m Relay,Paris-2024,SILVER,
Athletics,Men's 4 x 400m Relay,Paris-2024,BRONZE,
Athletics,Women's 4 x 100m Relay,tokyo-2020,GOLD,42015
Athletics,Women's 4 x 100m Relay,tokyo-2020,SILVER,41090
Athletics,Women's 4 x 100m Relay,tokyo-2020,BRONZE,41055
Athletics,Women's 4 x 100m Relay,tokyo-2020,BRONZE,42005
Athletics,Women's 4 x 100m Relay,tokyo-2020,BRONZE,42000
Athletics,Women's 4 x 100m Relay,tokyo-2020,BRONZE,42082
Athletics,Women's 4 x 100m Relay,tokyo-2020,BRONZE,42068
Athletics,Women's 4 x 100m Relay,tokyo-2020,BRONZE,42081
Athletics,Women's 4 x 400m Relay,tokyo-2020,GOLD,3:20.86
Athletics,Women's 4 x 400m Relay,tokyo-2020,SILVER,3:23.10
Athletics,Women's 4 x 400m Relay,tokyo-2020,BRONZE,3:21.95
Athletics,Women's 4 x 400m Relay,tokyo-2020,BRONZE,3:24.05
Athletics,Women's 4 x 400m Relay,tokyo-2020,BRONZE,3:23.99
Athletics,Women's 4 x 400m Relay,tokyo-2020,BRONZE,3:24.01
Athletics,Women's 4 x 400m Relay,tokyo-2020,BRONZE,3:24.08
Athletics,Women's 4 x 400m Relay,tokyo-2020,BRONZE,3:24.04
Athletics,Men's 4 x 100m Relay,tokyo-2020,GOLD,37095
Athletics,Men's 4 x 100m Relay,tokyo-2020,SILVER,38002
Athletics,Men's 4 x 100m Relay,tokyo-2020,BRONZE,37092
Athletics,Men's 4 x 100m Relay,tokyo-2020,BRONZE,37092
Athletics,Men's 4 x 100m Relay,tokyo-2020,BRONZE,37082
Athletics,Men's 4 x 100m Relay,tokyo-2020,BRONZE,38006
Athletics,Men's 4 x 100m Relay,tokyo-2020,BRONZE,38016
Athletics,Men's 4 x 100m Relay,tokyo-2020,BRONZE,38008
Athletics,Men's 4 x 400m Relay,tokyo-2020,GOLD,2:57.77
Athletics,Men's 4 x 400m Relay,tokyo-2020,SILVER,2:59.06
Athletics,Men's 4 x 400m Relay,tokyo-2020,BRONZE,2:58.33
Athletics,Men's 4 x 400m Relay,tokyo-2020,BRONZE,2:59.37
Athletics,Men's 4 x 400m Relay,tokyo-2020,BRONZE,2:58.55
Athletics,Men's 4 x 400m Relay,tokyo-2020,BRONZE,2:59.29
Athletics,Men's 4 x 400m Relay,tokyo-2020,BRONZE,2:58.91
Athletics,Men's 4 x 400m Relay,tokyo-2020,BRONZE,2:58.60
Swimming,Men's 4 x 200m Freestyle Relay,tokyo-2020,GOLD,7:03.25
Swimming,Men's 4 x 200m Freestyle Relay,tokyo-2020,SILVER,7:05.16
Swimming,Men's 4 x 200m Freestyle Relay,tokyo-2020,BRONZE,7:05.00
Swimming,Men's 4 x 200m Freestyle Relay,tokyo-2020,BRONZE,7:05.62
Swimming,Men's 4 x 200m Freestyle Relay,tokyo-2020,BRONZE,7:05.05
Swimming,Men's 4 x 200m Freestyle Relay,tokyo-2020,BRONZE,7:06.59
Swimming,Men's 4 x 200m Freestyle Relay,tokyo-2020,BRONZE,7:06.76
Swimming,Men's 4 x 200m Freestyle Relay,tokyo-2020,BRONZE,7:07.73
Swimming,Women's 4 x 100m Freestyle Relay,tokyo-2020,GOLD,3:31.73
Swimming,Women's 4 x 100m Freestyle Relay,tokyo-2020,SILVER,3:33.72
Swimming,Women's 4 x 100m Freestyle Relay,tokyo-2020,BRONZE,3:34.80
Swimming,Women's 4 x 100m Freestyle Relay,tokyo-2020,BRONZE,3:33.51
Swimming,Women's 4 x 100m Freestyle Relay,tokyo-2020,BRONZE,3:34.03
Swimming,Women's 4 x 100m Freestyle Relay,tokyo-2020,BRONZE,3:35.93
Swimming,Women's 4 x 100m Freestyle Relay,tokyo-2020,BRONZE,3:35.07
Swimming,Women's 4 x 100m Freestyle Relay,tokyo-2020,BRONZE,3:35.56
Swimming,Men's 4 x 100m Freestyle Relay,tokyo-2020,GOLD,3:11.33
Swimming,Men's 4 x 100m Freestyle Relay,tokyo-2020,SILVER,3:10.29
Swimming,Men's 4 x 100m Freestyle Relay,tokyo-2020,BRONZE,3:11.89
Swimming,Men's 4 x 100m Freestyle Relay,tokyo-2020,BRONZE,3:13.00
Swimming,Men's 4 x 100m Freestyle Relay,tokyo-2020,BRONZE,3:12.73
Swimming,Men's 4 x 100m Freestyle Relay,tokyo-2020,BRONZE,3:12.35
Swimming,Men's 4 x 100m Freestyle Relay,tokyo-2020,BRONZE,3:13.13
Swimming,Men's 4 x 100m Freestyle Relay,tokyo-2020,BRONZE,3:12.59
Swimming,Women's 4 x 200m Freestyle Relay,tokyo-2020,GOLD,7:48.98
Swimming,Women's 4 x 200m Freestyle Relay,tokyo-2020,SILVER,7:47.57
Swimming,Women's 4 x 200m Freestyle Relay,tokyo-2020,BRONZE,7:44.61
Swimming,Women's 4 x 200m Freestyle Relay,tokyo-2020,BRONZE,7:51.52
Swimming,Women's 4 x 200m Freestyle Relay,tokyo-2020,BRONZE,7:52.04
Swimming,Women's 4 x 200m Freestyle Relay,tokyo-2020,BRONZE,7:52.06
Swimming,Women's 4 x 200m Freestyle Relay,tokyo-2020,BRONZE,7:56.16
Swimming,Women's 4 x 200m Freestyle Relay,tokyo-2020,BRONZE,7:55.05
Athletics,Women's 4 x 400m Relay,rio-2016,GOLD,199060
Athletics,Women's 4 x 400m Relay,rio-2016,SILVER,200340
Athletics,Women's 4 x 400m Relay,rio-2016,BRONZE,205880
Athletics,Women's 4 x 400m Relay,rio-2016,BRONZE,206430
Athletics,Women's 4 x 400m Relay,rio-2016,BRONZE,207050
Athletics,Women's 4 x 400m Relay,rio-2016,BRONZE,207280
Athletics,Women's 4 x 400m Relay,rio-2016,BRONZE,207450
Athletics,Women's 4 x 400m Relay,rio-2016,BRONZE,207450
Athletics,Women's 4 x 400m Relay,rio-2016,BRONZE,207450
Athletics,Men's 4 x 400m Relay,rio-2016,GOLD,177300
Athletics,Men's 4 x 400m Relay,rio-2016,SILVER,178160
Athletics,Men's 4 x 400m Relay,rio-2016,BRONZE,178490
Athletics,Men's 4 x 400m Relay,rio-2016,BRONZE,178520
Athletics,Men's 4 x 400m Relay,rio-2016,BRONZE,179060
Athletics,Men's 4 x 400m Relay,rio-2016,BRONZE,179530
Athletics,Men's 4 x 400m Relay,rio-2016,BRONZE,180500
Athletics,Men's 4 x 400m Relay,rio-2016,BRONZE,183280
Athletics,Men's 4 x 400m Relay,rio-2016,BRONZE,183280
Athletics,Men's 4 x 400m Relay,rio-2016,BRONZE,183280
Athletics,Men's 4 x 400m Relay,rio-2016,BRONZE,183280
Athletics,Women's 4 x 100m Relay,rio-2016,GOLD,41010
Athletics,Women's 4 x 100m Relay,rio-2016,SILVER,41360
Athletics,Women's 4 x 100m Relay,rio-2016,BRONZE,41770
Athletics,Women's 4 x 100m Relay,rio-2016,BRONZE,42100
Athletics,Women's 4 x 100m Relay,rio-2016,BRONZE,42120
Athletics,Women's 4 x 100m Relay,rio-2016,BRONZE,43150
Athletics,Women's 4 x 100m Relay,rio-2016,BRONZE,43210
Athletics,Women's 4 x 100m Relay,rio-2016,BRONZE,43210
Athletics,Men's 4 x 100m Relay,rio-2016,GOLD,37270
Athletics,Men's 4 x 100m Relay,rio-2016,SILVER,37600
Athletics,Men's 4 x 100m Relay,rio-2016,BRONZE,37640
Athletics,Men's 4 x 100m Relay,rio-2016,BRONZE,37900
Athletics,Men's 4 x 100m Relay,rio-2016,BRONZE,37980
Athletics,Men's 4 x 100m Relay,rio-2016,BRONZE,38410
Swimming,Men's 4 x 200m Freestyle Relay,rio-2016,GOLD,420660
Swimming,Men's 4 x 200m Freestyle Relay,rio-2016,SILVER,423130
Swimming,Men's 4 x 200m Freestyle Relay,rio-2016,BRONZE,423500
Swimming,Men's 4 x 200m Freestyle Relay,rio-2016,BRONZE,424180
Swimming,Men's 4 x 200m Freestyle Relay,rio-2016,BRONZE,425700
Swimming,Men's 4 x 200m Freestyle Relay,rio-2016,BRONZE,427280
Swimming,Men's 4 x 200m Freestyle Relay,rio-2016,BRONZE,429100
Swimming,Men's 4 x 200m Freestyle Relay,rio-2016,BRONZE,431640
Swimming,Men's 4 x 200m Freestyle Relay,rio-2016,BRONZE,431640
Swimming,Men's 4 x 200m Freestyle Relay,rio-2016,BRONZE,431640
Swimming,Men's 4 x 200m Freestyle Relay,rio-2016,BRONZE,431640
Swimming,Men's 4 x 200m Freestyle Relay,rio-2016,BRONZE,431640
Swimming,Men's 4 x 200m Freestyle Relay,rio-2016,BRONZE,431640
Swimming,Men's 4 x 200m Freestyle Relay,rio-2016,BRONZE,431640
Swimming,Men's 4 x 200m Freestyle Relay,rio-2016,BRONZE,431640
Swimming,Men's 4 x 200m Freestyle Relay,rio-2016,BRONZE,431640
Swimming,Women's 4 x 200m Freestyle Relay,rio-2016,GOLD,463030
Swimming,Women's 4 x 200m Freestyle Relay,rio-2016,SILVER,464870
Swimming,Women's 4 x 200m Freestyle Relay,rio-2016,BRONZE,465390
Swimming,Women's 4 x 200m Freestyle Relay,rio-2016,BRONZE,467960
Swimming,Women's 4 x 200m Freestyle Relay,rio-2016,BRONZE,470260
Swimming,Women's 4 x 200m Freestyle Relay,rio-2016,BRONZE,471030
Swimming,Women's 4 x 200m Freestyle Relay,rio-2016,BRONZE,473260
Swimming,Women's 4 x 200m Freestyle Relay,rio-2016,BRONZE,476760
Swimming,Women's 4 x 200m Freestyle Relay,rio-2016,BRONZE,476760
Swimming,Women's 4 x 200m Freestyle Relay,rio-2016,BRONZE,476760
Swimming,Women's 4 x 200m Freestyle Relay,rio-2016,BRONZE,476760
Swimming,Women's 4 x 200m Freestyle Relay,rio-2016,BRONZE,476760
Swimming,Women's 4 x 200m Freestyle Relay,rio-2016,BRONZE,476760
Swimming,Women's 4 x 200m Freestyle Relay,rio-2016,BRONZE,476760
Swimming,Women's 4 x 200m Freestyle Relay,rio-2016,BRONZE,476760
Swimming,Women's 4 x 200m Freestyle Relay,rio-2016,BRONZE,476760
Swimming,Men's 4 x 100m Freestyle Relay,rio-2016,GOLD,210650
Swimming,Men's 4 x 100m Freestyle Relay,rio-2016,SILVER,211890
Swimming,Men's 4 x 100m Freestyle Relay,rio-2016,BRONZE,212890
Swimming,Men's 4 x 100m Freestyle Relay,rio-2016,BRONZE,213810
Swimming,Men's 4 x 100m Freestyle Relay,rio-2016,BRONZE,215900
Swimming,Men's 4 x 100m Freestyle Relay,rio-2016,BRONZE,216780
Swimming,Men's 4 x 100m Freestyle Relay,rio-2016,BRONZE,217450
Swimming,Men's 4 x 100m Freestyle Relay,rio-2016,BRONZE,217780
Swimming,Men's 4 x 100m Freestyle Relay,rio-2016,BRONZE,217780
Swimming,Men's 4 x 100m Freestyle Relay,rio-2016,BRONZE,217780
Swimming,Men's 4 x 100m Freestyle Relay,rio-2016,BRONZE,217780
Swimming,Men's 4 x 100m Freestyle Relay,rio-2016,BRONZE,217780
Swimming,Men's 4 x 100m Freestyle Relay,rio-2016,BRONZE,217780
Swimming,Men's 4 x 100m Freestyle Relay,rio-2016,BRONZE,217780
Swimming,Men's 4 x 100m Freestyle Relay,rio-2016,BRONZE,217780
Swimming,Men's 4 x 100m Freestyle Relay,rio-2016,BRONZE,217780
Swimming,Men's 4 x 100m Freestyle Relay,rio-2016,GOLD,189920
Swimming,Men's 4 x 100m Freestyle Relay,rio-2016,SILVER,190530
Swimming,Men's 4 x 100m Freestyle Relay,rio-2016,BRONZE,191370
Swimming,Men's 4 x 100m Freestyle Relay,rio-2016,BRONZE,191640
Swimming,Men's 4 x 100m Freestyle Relay,rio-2016,BRONZE,193210
Swimming,Men's 4 x 100m Freestyle Relay,rio-2016,BRONZE,193570
Swimming,Men's 4 x 100m Freestyle Relay,rio-2016,BRONZE,194350
Swimming,Men's 4 x 100m Freestyle Relay,rio-2016,BRONZE,194480
Swimming,Men's 4 x 100m Freestyle Relay,rio-2016,BRONZE,194480
Swimming,Men's 4 x 100m Freestyle Relay,rio-2016,BRONZE,194480
Swimming,Men's 4 x 100m Freestyle Relay,rio-2016,BRONZE,194480
Swimming,Men's 4 x 100m Freestyle Relay,rio-2016,BRONZE,194480
Swimming,Men's 4 x 100m Freestyle Relay,rio-2016,BRONZE,194480
Swimming,Men's 4 x 100m Freestyle Relay,rio-2016,BRONZE,194480
Swimming,Men's 4 x 100m Freestyle Relay,rio-2016,BRONZE,194480
Swimming,Men's 4 x 100m Freestyle Relay,london-2012,GOLD,189930
Swimming,Men's 4 x 100m Freestyle Relay,london-2012,SILVER,190380
Swimming,Men's 4 x 100m Freestyle Relay,london-2012,BRONZE,191410
Swimming,Men's 4 x 100m Freestyle Relay,london-2012,BRONZE,191630
Swimming,Men's 4 x 100m Freestyle Relay,london-2012,BRONZE,193450
Swimming,Men's 4 x 100m Freestyle Relay,london-2012,BRONZE,193520
Swimming,Men's 4 x 100m Freestyle Relay,london-2012,BRONZE,194130
Swimming,Men's 4 x 100m Freestyle Relay,london-2012,BRONZE,194400
Swimming,Men's 4 x 100m Freestyle Relay,london-2012,BRONZE,194400
Swimming,Men's 4 x 100m Freestyle Relay,london-2012,BRONZE,194400
Swimming,Men's 4 x 100m Freestyle Relay,london-2012,BRONZE,194400
Swimming,Men's 4 x 100m Freestyle Relay,london-2012,BRONZE,194400
Swimming,Men's 4 x 100m Freestyle Relay,london-2012,BRONZE,194400
Swimming,Men's 4 x 100m Freestyle Relay,london-2012,BRONZE,194400
Swimming,Men's 4 x 100m Freestyle Relay,london-2012,BRONZE,194400
Swimming,Women's 4 x 200m Freestyle Relay,london-2012,GOLD,462920
Swimming,Women's 4 x 200m Freestyle Relay,london-2012,SILVER,464410
Swimming,Women's 4 x 200m Freestyle Relay,london-2012,BRONZE,467490
Swimming,Women's 4 x 200m Freestyle Relay,london-2012,BRONZE,470650
Swimming,Women's 4 x 200m Freestyle Relay,london-2012,BRONZE,472370
Swimming,Women's 4 x 200m Freestyle Relay,london-2012,BRONZE,473110
Swimming,Women's 4 x 200m Freestyle Relay,london-2012,BRONZE,476300
Swimming,Women's 4 x 200m Freestyle Relay,london-2012,BRONZE,476730
Swimming,Women's 4 x 200m Freestyle Relay,london-2012,BRONZE,476730
Swimming,Women's 4 x 200m Freestyle Relay,london-2012,BRONZE,476730
Swimming,Women's 4 x 200m Freestyle Relay,london-2012,BRONZE,476730
Swimming,Women's 4 x 200m Freestyle Relay,london-2012,BRONZE,476730
Swimming,Women's 4 x 200m Freestyle Relay,london-2012,BRONZE,476730
Swimming,Women's 4 x 200m Freestyle Relay,london-2012,BRONZE,476730
Swimming,Women's 4 x 200m Freestyle Relay,london-2012,BRONZE,476730
Swimming,Women's 4 x 200m Freestyle Relay,london-2012,BRONZE,476730
Swimming,Men's 4 x 200m Freestyle Relay,london-2012,GOLD,419700
Swimming,Men's 4 x 200m Freestyle Relay,london-2012,SILVER,422770
Swimming,Men's 4 x 200m Freestyle Relay,london-2012,BRONZE,426300
Swimming,Men's 4 x 200m Freestyle Relay,london-2012,BRONZE,426590
Swimming,Men's 4 x 200m Freestyle Relay,london-2012,BRONZE,427000
Swimming,Men's 4 x 200m Freestyle Relay,london-2012,BRONZE,429330
Swimming,Men's 4 x 200m Freestyle Relay,london-2012,BRONZE,429650
Swimming,Men's 4 x 200m Freestyle Relay,london-2012,BRONZE,433660
Swimming,Men's 4 x 200m Freestyle Relay,london-2012,BRONZE,433660
Swimming,Men's 4 x 200m Freestyle Relay,london-2012,BRONZE,433660
Swimming,Men's 4 x 200m Freestyle Relay,london-2012,BRONZE,433660
Swimming,Men's 4 x 200m Freestyle Relay,london-2012,BRONZE,433660
Swimming,Men's 4 x 200m Freestyle Relay,london-2012,BRONZE,433660
Swimming,Men's 4 x 200m Freestyle Relay,london-2012,BRONZE,433660
Swimming,Men's 4 x 200m Freestyle Relay,london-2012,BRONZE,433660
Swimming,Men's 4 x 200m Freestyle Relay,london-2012,BRONZE,433660
Swimming,Men's 4 x 100m Freestyle Relay,london-2012,GOLD,213150
Swimming,Men's 4 x 100m Freestyle Relay,london-2012,SILVER,213790
Swimming,Men's 4 x 100m Freestyle Relay,london-2012,BRONZE,214240
Swimming,Men's 4 x 100m Freestyle Relay,london-2012,BRONZE,216750
Swimming,Men's 4 x 100m Freestyle Relay,london-2012,BRONZE,217020
Swimming,Men's 4 x 100m Freestyle Relay,london-2012,BRONZE,217450
Swimming,Men's 4 x 100m Freestyle Relay,london-2012,BRONZE,217960
Swimming,Men's 4 x 100m Freestyle Relay,london-2012,BRONZE,217960
Swimming,Men's 4 x 100m Freestyle Relay,london-2012,BRONZE,217960
Swimming,Men's 4 x 100m Freestyle Relay,london-2012,BRONZE,217960
Swimming,Men's 4 x 100m Freestyle Relay,london-2012,BRONZE,217960
Swimming,Men's 4 x 100m Freestyle Relay,london-2012,BRONZE,217960
Swimming,Men's 4 x 100m Freestyle Relay,london-2012,BRONZE,217960
Swimming,Men's 4 x 100m Freestyle Relay,london-2012,BRONZE,217960
Swimming,Men's 4 x 100m Freestyle Relay,london-2012,BRONZE,217960
Swimming,Men's 4 x 100m Freestyle Relay,london-2012,BRONZE,217960
Athletics,Women's 4 x 100m Relay,london-2012,GOLD,40820
Athletics,Women's 4 x 100m Relay,london-2012,SILVER,41410
Athletics,Women's 4 x 100m Relay,london-2012,BRONZE,42040
Athletics,Women's 4 x 100m Relay,london-2012,BRONZE,42640
Athletics,Women's 4 x 100m Relay,london-2012,BRONZE,42670
Athletics,Women's 4 x 100m Relay,london-2012,BRONZE,42700
Athletics,Women's 4 x 100m Relay,london-2012,BRONZE,42910
Athletics,Women's 4 x 100m Relay,london-2012,BRONZE,42910
Athletics,Men's 4 x 400m Relay,london-2012,GOLD,176720
Athletics,Men's 4 x 400m Relay,london-2012,SILVER,177050
Athletics,Men's 4 x 400m Relay,london-2012,BRONZE,179400
Athletics,Men's 4 x 400m Relay,london-2012,BRONZE,179530
Athletics,Men's 4 x 400m Relay,london-2012,BRONZE,181830
Athletics,Men's 4 x 400m Relay,london-2012,BRONZE,182180
Athletics,Men's 4 x 400m Relay,london-2012,BRONZE,183460
Athletics,Men's 4 x 400m Relay,london-2012,BRONZE,183460
Athletics,Men's 4 x 400m Relay,london-2012,BRONZE,183460
Athletics,Men's 4 x 400m Relay,london-2012,BRONZE,183460
Athletics,Men's 4 x 400m Relay,london-2012,BRONZE,183460
Athletics,Men's 4 x 100m Relay,london-2012,GOLD,36840
Athletics,Men's 4 x 100m Relay,london-2012,SILVER,38120
Athletics,Men's 4 x 100m Relay,london-2012,BRONZE,38160
Athletics,Men's 4 x 100m Relay,london-2012,BRONZE,38350
Athletics,Men's 4 x 100m Relay,london-2012,BRONZE,38390
Athletics,Men's 4 x 100m Relay,london-2012,BRONZE,38430
Athletics,Men's 4 x 100m Relay,london-2012,BRONZE,38430
Athletics,Men's 4 x 100m Relay,london-2012,BRONZE,38430
Athletics,Women's 4 x 400m Relay,london-2012,GOLD,196870
Athletics,Women's 4 x 400m Relay,london-2012,SILVER,200950
Athletics,Women's 4 x 400m Relay,london-2012,BRONZE,203570
Athletics,Women's 4 x 400m Relay,london-2012,BRONZE,204760
Athletics,Women's 4 x 400m Relay,london-2012,BRONZE,205920
Athletics,Women's 4 x 400m Relay,london-2012,BRONZE,207770
Athletics,Women's 4 x 400m Relay,london-2012,BRONZE,207770
Athletics,Women's 4 x 400m Relay,london-2012,BRONZE,207770
Athletics,Women's 4 x 400m Relay,london-2012,BRONZE,207770
Athletics,Women's 4 x 400m Relay,london-2012,BRONZE,207770
Athletics,Women's 4 x 100m Relay,beijing-2008,GOLD,42540
Athletics,Women's 4 x 100m Relay,beijing-2008,SILVER,43040
Athletics,Women's 4 x 100m Relay,beijing-2008,BRONZE,43140
Athletics,Women's 4 x 100m Relay,beijing-2008,BRONZE,43280
Athletics,Women's 4 x 100m Relay,beijing-2008,BRONZE,43280
Athletics,Women's 4 x 400m Relay,beijing-2008,GOLD,198540
Athletics,Women's 4 x 400m Relay,beijing-2008,SILVER,200400
Athletics,Women's 4 x 400m Relay,beijing-2008,BRONZE,202680
Athletics,Women's 4 x 400m Relay,beijing-2008,BRONZE,203210
Athletics,Women's 4 x 400m Relay,beijing-2008,BRONZE,203740
Athletics,Women's 4 x 400m Relay,beijing-2008,BRONZE,208450
Athletics,Women's 4 x 400m Relay,beijing-2008,BRONZE,208450
Athletics,Women's 4 x 400m Relay,beijing-2008,BRONZE,208450
Athletics,Men's 4 x 100m Relay,beijing-2008,GOLD,38060
Athletics,Men's 4 x 100m Relay,beijing-2008,SILVER,38150
Athletics,Men's 4 x 100m Relay,beijing-2008,BRONZE,38240
Athletics,Men's 4 x 100m Relay,beijing-2008,BRONZE,38580
Athletics,Men's 4 x 100m Relay,beijing-2008,BRONZE,38660
Athletics,Men's 4 x 100m Relay,beijing-2008,BRONZE,38660
Athletics,Men's 4 x 400m Relay,beijing-2008,GOLD,175390
Athletics,Men's 4 x 400m Relay,beijing-2008,SILVER,178030
Athletics,Men's 4 x 400m Relay,beijing-2008,BRONZE,178810
Athletics,Men's 4 x 400m Relay,beijing-2008,BRONZE,179370
Athletics,Men's 4 x 400m Relay,beijing-2008,BRONZE,180020
Athletics,Men's 4 x 400m Relay,beijing-2008,BRONZE,180320
Athletics,Men's 4 x 400m Relay,beijing-2008,BRONZE,181450
Athletics,Men's 4 x 400m Relay,beijing-2008,BRONZE,181450
Swimming,Men's 4 x 200m Freestyle Relay,beijing-2008,GOLD,418560
Swimming,Men's 4 x 200m Freestyle Relay,beijing-2008,SILVER,423700
Swimming,Men's 4 x 200m Freestyle Relay,beijing-2008,BRONZE,424980
Swimming,Men's 4 x 200m Freestyle Relay,beijing-2008,BRONZE,425350
Swimming,Men's 4 x 200m Freestyle Relay,beijing-2008,BRONZE,425770
Swimming,Men's 4 x 200m Freestyle Relay,beijing-2008,BRONZE,425920
Swimming,Men's 4 x 200m Freestyle Relay,beijing-2008,BRONZE,430310
Swimming,Men's 4 x 200m Freestyle Relay,beijing-2008,BRONZE,433020
Swimming,Men's 4 x 200m Freestyle Relay,beijing-2008,BRONZE,433020
Swimming,Men's 4 x 200m Freestyle Relay,beijing-2008,BRONZE,433020
Swimming,Men's 4 x 200m Freestyle Relay,beijing-2008,BRONZE,433020
Swimming,Men's 4 x 200m Freestyle Relay,beijing-2008,BRONZE,433020
Swimming,Men's 4 x 200m Freestyle Relay,beijing-2008,BRONZE,433020
Swimming,Men's 4 x 200m Freestyle Relay,beijing-2008,BRONZE,433020
Swimming,Men's 4 x 200m Freestyle Relay,beijing-2008,BRONZE,433020
Swimming,Men's 4 x 200m Freestyle Relay,beijing-2008,BRONZE,433020
Swimming,Men's 4 x 100m Freestyle Relay,beijing-2008,GOLD,213760
Swimming,Men's 4 x 100m Freestyle Relay,beijing-2008,SILVER,214330
Swimming,Men's 4 x 100m Freestyle Relay,beijing-2008,BRONZE,215050
Swimming,Men's 4 x 100m Freestyle Relay,beijing-2008,BRONZE,215640
Swimming,Men's 4 x 100m Freestyle Relay,beijing-2008,BRONZE,216850
Swimming,Men's 4 x 100m Freestyle Relay,beijing-2008,BRONZE,217680
Swimming,Men's 4 x 100m Freestyle Relay,beijing-2008,BRONZE,218180
Swimming,Men's 4 x 100m Freestyle Relay,beijing-2008,BRONZE,218320
Swimming,Men's 4 x 100m Freestyle Relay,beijing-2008,BRONZE,218320
Swimming,Men's 4 x 100m Freestyle Relay,beijing-2008,BRONZE,218320
Swimming,Men's 4 x 100m Freestyle Relay,beijing-2008,BRONZE,218320
Swimming,Men's 4 x 100m Freestyle Relay,beijing-2008,BRONZE,218320
Swimming,Men's 4 x 100m Freestyle Relay,beijing-2008,BRONZE,218320
Swimming,Men's 4 x 100m Freestyle Relay,beijing-2008,BRONZE,218320
Swimming,Men's 4 x 100m Freestyle Relay,beijing-2008,BRONZE,218320
Swimming,Men's 4 x 100m Freestyle Relay,beijing-2008,BRONZE,218320
Swimming,Women's 4 x 200m Freestyle Relay,beijing-2008,GOLD,464310
Swimming,Women's 4 x 200m Freestyle Relay,beijing-2008,SILVER,465930
Swimming,Women's 4 x 200m Freestyle Relay,beijing-2008,BRONZE,466330
Swimming,Women's 4 x 200m Freestyle Relay,beijing-2008,BRONZE,469760
Swimming,Women's 4 x 200m Freestyle Relay,beijing-2008,BRONZE,470660
Swimming,Women's 4 x 200m Freestyle Relay,beijing-2008,BRONZE,475530
Swimming,Women's 4 x 200m Freestyle Relay,beijing-2008,BRONZE,477560
Swimming,Women's 4 x 200m Freestyle Relay,beijing-2008,BRONZE,479830
Swimming,Women's 4 x 200m Freestyle Relay,beijing-2008,BRONZE,479830
Swimming,Women's 4 x 200m Freestyle Relay,beijing-2008,BRONZE,479830
Swimming,Women's 4 x 200m Freestyle Relay,beijing-2008,BRONZE,479830
Swimming,Women's 4 x 200m Freestyle Relay,beijing-2008,BRONZE,479830
Swimming,Women's 4 x 200m Freestyle Relay,beijing-2008,BRONZE,479830
Swimming,Women's 4 x 200m Freestyle Relay,beijing-2008,BRONZE,479830
Swimming,Women's 4 x 200m Freestyle Relay,beijing-2008,BRONZE,479830
Swimming,Women's 4 x 200m Freestyle Relay,beijing-2008,BRONZE,479830
Swimming,Men's 4 x 100m Freestyle Relay,beijing-2008,GOLD,188240
Swimming,Men's 4 x 100m Freestyle Relay,beijing-2008,SILVER,188320
Swimming,Men's 4 x 100m Freestyle Relay,beijing-2008,BRONZE,189910
Swimming,Men's 4 x 100m Freestyle Relay,beijing-2008,BRONZE,191480
Swimming,Men's 4 x 100m Freestyle Relay,beijing-2008,BRONZE,191920
Swimming,Men's 4 x 100m Freestyle Relay,beijing-2008,BRONZE,192260
Swimming,Men's 4 x 100m Freestyle Relay,beijing-2008,BRONZE,192660
Swimming,Men's 4 x 100m Freestyle Relay,beijing-2008,BRONZE,192870
Swimming,Men's 4 x 100m Freestyle Relay,beijing-2008,BRONZE,192870
Swimming,Men's 4 x 100m Freestyle Relay,beijing-2008,BRONZE,192870
Swimming,Men's 4 x 100m Freestyle Relay,beijing-2008,BRONZE,192870
Swimming,Men's 4 x 100m Freestyle Relay,beijing-2008,BRONZE,192870
Swimming,Men's 4 x 100m Freestyle Relay,beijing-2008,BRONZE,192870
Swimming,Men's 4 x 100m Freestyle Relay,beijing-2008,BRONZE,192870
Swimming,Men's 4 x 100m Freestyle Relay,beijing-2008,BRONZE,192870
Swimming,Men's 4 x 100m Freestyle Relay,beijing-2008,BRONZE,192870
Athletics,Women's 4 x 400m Relay,athens-2004,GOLD,199010
Athletics,Women's 4 x 400m Relay,athens-2004,SILVER,200160
Athletics,Women's 4 x 400m Relay,athens-2004,BRONZE,202000
Athletics,Women's 4 x 400m Relay,athens-2004,BRONZE,205120
Athletics,Women's 4 x 400m Relay,athens-2004,BRONZE,205220
Athletics,Women's 4 x 400m Relay,athens-2004,BRONZE,206810
Athletics,Women's 4 x 400m Relay,athens-2004,BRONZE,208510
Athletics,Women's 4 x 400m Relay,athens-2004,BRONZE,225700
Athletics,Men's 4 x 100m Relay,athens-2004,GOLD,38070
Athletics,Men's 4 x 100m Relay,athens-2004,SILVER,38080
Athletics,Men's 4 x 100m Relay,athens-2004,BRONZE,38230
Athletics,Men's 4 x 100m Relay,athens-2004,BRONZE,38490
Athletics,Men's 4 x 100m Relay,athens-2004,BRONZE,38540
Athletics,Men's 4 x 100m Relay,athens-2004,BRONZE,38560
Athletics,Men's 4 x 100m Relay,athens-2004,BRONZE,38600
Athletics,Men's 4 x 100m Relay,athens-2004,BRONZE,38670
Athletics,Men's 4 x 400m Relay,athens-2004,GOLD,175910
Athletics,Men's 4 x 400m Relay,athens-2004,SILVER,180600
Athletics,Men's 4 x 400m Relay,athens-2004,BRONZE,180900
Athletics,Men's 4 x 400m Relay,athens-2004,BRONZE,180990
Athletics,Men's 4 x 400m Relay,athens-2004,BRONZE,181070
Athletics,Men's 4 x 400m Relay,athens-2004,BRONZE,181880
Athletics,Men's 4 x 400m Relay,athens-2004,BRONZE,182220
Athletics,Men's 4 x 400m Relay,athens-2004,BRONZE,182490
Athletics,Women's 4 x 100m Relay,athens-2004,GOLD,41730
Athletics,Women's 4 x 100m Relay,athens-2004,SILVER,42270
Athletics,Women's 4 x 100m Relay,athens-2004,BRONZE,42540
Athletics,Women's 4 x 100m Relay,athens-2004,BRONZE,42690
Athletics,Women's 4 x 100m Relay,athens-2004,BRONZE,42940
Athletics,Women's 4 x 100m Relay,athens-2004,BRONZE,43110
Athletics,Women's 4 x 100m Relay,athens-2004,BRONZE,43420
Swimming,Men's 4 x 100m Freestyle Relay,athens-2004,GOLD,215940
Swimming,Men's 4 x 100m Freestyle Relay,athens-2004,SILVER,216390
Swimming,Men's 4 x 100m Freestyle Relay,athens-2004,BRONZE,217590
Swimming,Men's 4 x 100m Freestyle Relay,athens-2004,BRONZE,217940
Swimming,Men's 4 x 100m Freestyle Relay,athens-2004,BRONZE,220230
Swimming,Men's 4 x 100m Freestyle Relay,athens-2004,BRONZE,220820
Swimming,Men's 4 x 100m Freestyle Relay,athens-2004,BRONZE,221220
Swimming,Men's 4 x 100m Freestyle Relay,athens-2004,BRONZE,222900
Swimming,Men's 4 x 100m Freestyle Relay,athens-2004,BRONZE,222900
Swimming,Men's 4 x 100m Freestyle Relay,athens-2004,BRONZE,222900
Swimming,Men's 4 x 100m Freestyle Relay,athens-2004,BRONZE,222900
Swimming,Men's 4 x 100m Freestyle Relay,athens-2004,BRONZE,222900
Swimming,Men's 4 x 100m Freestyle Relay,athens-2004,BRONZE,222900
Swimming,Men's 4 x 100m Freestyle Relay,athens-2004,BRONZE,222900
Swimming,Men's 4 x 100m Freestyle Relay,athens-2004,BRONZE,222900
Swimming,Men's 4 x 100m Freestyle Relay,athens-2004,BRONZE,222900
Swimming,Men's 4 x 100m Freestyle Relay,athens-2004,GOLD,193170
Swimming,Men's 4 x 100m Freestyle Relay,athens-2004,SILVER,194360
Swimming,Men's 4 x 100m Freestyle Relay,athens-2004,BRONZE,194620
Swimming,Men's 4 x 100m Freestyle Relay,athens-2004,BRONZE,195750
Swimming,Men's 4 x 100m Freestyle Relay,athens-2004,BRONZE,195750
Swimming,Men's 4 x 100m Freestyle Relay,athens-2004,BRONZE,195770
Swimming,Men's 4 x 100m Freestyle Relay,athens-2004,BRONZE,196230
Swimming,Men's 4 x 100m Freestyle Relay,athens-2004,BRONZE,197180
Swimming,Men's 4 x 100m Freestyle Relay,athens-2004,BRONZE,197180
Swimming,Men's 4 x 100m Freestyle Relay,athens-2004,BRONZE,197180
Swimming,Men's 4 x 100m Freestyle Relay,athens-2004,BRONZE,197180
Swimming,Men's 4 x 100m Freestyle Relay,athens-2004,BRONZE,197180
Swimming,Men's 4 x 100m Freestyle Relay,athens-2004,BRONZE,197180
Swimming,Men's 4 x 100m Freestyle Relay,athens-2004,BRONZE,197180
Swimming,Men's 4 x 100m Freestyle Relay,athens-2004,BRONZE,197180
Swimming,Men's 4 x 200m Freestyle Relay,athens-2004,GOLD,427330
Swimming,Men's 4 x 200m Freestyle Relay,athens-2004,SILVER,427460
Swimming,Men's 4 x 200m Freestyle Relay,athens-2004,BRONZE,431830
Swimming,Men's 4 x 200m Freestyle Relay,athens-2004,BRONZE,432600
Swimming,Men's 4 x 200m Freestyle Relay,athens-2004,BRONZE,433330
Swimming,Men's 4 x 200m Freestyle Relay,athens-2004,BRONZE,436510
Swimming,Men's 4 x 200m Freestyle Relay,athens-2004,BRONZE,437430
Swimming,Men's 4 x 200m Freestyle Relay,athens-2004,BRONZE,443020
Swimming,Men's 4 x 200m Freestyle Relay,athens-2004,BRONZE,443020
Swimming,Men's 4 x 200m Freestyle Relay,athens-2004,BRONZE,443020
Swimming,Men's 4 x 200m Freestyle Relay,athens-2004,BRONZE,443020
Swimming,Men's 4 x 200m Freestyle Relay,athens-2004,BRONZE,443020
Swimming,Men's 4 x 200m Freestyle Relay,athens-2004,BRONZE,443020
Swimming,Men's 4 x 200m Freestyle Relay,athens-2004,BRONZE,443020
Swimming,Men's 4 x 200m Freestyle Relay,athens-2004,BRONZE,443020
Swimming,Men's 4 x 200m Freestyle Relay,athens-2004,BRONZE,443020
Swimming,Women's 4 x 200m Freestyle Relay,athens-2004,GOLD,473420
Swimming,Women's 4 x 200m Freestyle Relay,athens-2004,SILVER,475970
Swimming,Women's 4 x 200m Freestyle Relay,athens-2004,BRONZE,477350
Swimming,Women's 4 x 200m Freestyle Relay,athens-2004,BRONZE,477400
Swimming,Women's 4 x 200m Freestyle Relay,athens-2004,BRONZE,479110
Swimming,Women's 4 x 200m Freestyle Relay,athens-2004,BRONZE,482110
Swimming,Women's 4 x 200m Freestyle Relay,athens-2004,BRONZE,485290
Swimming,Women's 4 x 200m Freestyle Relay,athens-2004,BRONZE,488340
Swimming,Women's 4 x 200m Freestyle Relay,athens-2004,BRONZE,488340
Swimming,Women's 4 x 200m Freestyle Relay,athens-2004,BRONZE,488340
Swimming,Women's 4 x 200m Freestyle Relay,athens-2004,BRONZE,488340
Swimming,Women's 4 x 200m Freestyle Relay,athens-2004,BRONZE,488340
Swimming,Women's 4 x 200m Freestyle Relay,athens-2004,BRONZE,488340
Swimming,Women's 4 x 200m Freestyle Relay,athens-2004,BRONZE,488340
Swimming,Women's 4 x 200m Freestyle Relay,athens-2004,BRONZE,488340
Swimming,Women's 4 x 200m Freestyle Relay,athens-2004,BRONZE,488340
Athletics,Men's 4 x 400m Relay,sydney-2000,GOLD,178680
Athletics,Men's 4 x 400m Relay,sydney-2000,SILVER,178780
Athletics,Men's 4 x 400m Relay,sydney-2000,BRONZE,179230
Athletics,Men's 4 x 400m Relay,sydney-2000,BRONZE,181020
Athletics,Men's 4 x 400m Relay,sydney-2000,BRONZE,181220
Athletics,Men's 4 x 400m Relay,sydney-2000,BRONZE,183220
Athletics,Men's 4 x 400m Relay,sydney-2000,BRONZE,183910
Athletics,Men's 4 x 400m Relay,sydney-2000,BRONZE,183910
Athletics,Women's 4 x 400m Relay,sydney-2000,GOLD,202620
Athletics,Women's 4 x 400m Relay,sydney-2000,SILVER,203250
Athletics,Women's 4 x 400m Relay,sydney-2000,BRONZE,203460
Athletics,Women's 4 x 400m Relay,sydney-2000,BRONZE,203800
Athletics,Women's 4 x 400m Relay,sydney-2000,BRONZE,203810
Athletics,Women's 4 x 400m Relay,sydney-2000,BRONZE,205670
Athletics,Women's 4 x 400m Relay,sydney-2000,BRONZE,209170
Athletics,Women's 4 x 400m Relay,sydney-2000,BRONZE,209470
Athletics,Women's 4 x 100m Relay,sydney-2000,GOLD,41950
Athletics,Women's 4 x 100m Relay,sydney-2000,SILVER,42130
Athletics,Women's 4 x 100m Relay,sydney-2000,BRONZE,42200
Athletics,Women's 4 x 100m Relay,sydney-2000,BRONZE,42420
Athletics,Women's 4 x 100m Relay,sydney-2000,BRONZE,43020
Athletics,Women's 4 x 100m Relay,sydney-2000,BRONZE,43110
Athletics,Women's 4 x 100m Relay,sydney-2000,BRONZE,44050
Athletics,Women's 4 x 100m Relay,sydney-2000,BRONZE,44870
Athletics,Men's 4 x 100m Relay,sydney-2000,GOLD,37610
Athletics,Men's 4 x 100m Relay,sydney-2000,SILVER,37900
Athletics,Men's 4 x 100m Relay,sydney-2000,BRONZE,38040
Athletics,Men's 4 x 100m Relay,sydney-2000,BRONZE,38200
Athletics,Men's 4 x 100m Relay,sydney-2000,BRONZE,38490
Athletics,Men's 4 x 100m Relay,sydney-2000,BRONZE,38660
Athletics,Men's 4 x 100m Relay,sydney-2000,BRONZE,38670
Athletics,Men's 4 x 100m Relay,sydney-2000,BRONZE,38960
Swimming,Men's 4 x 100m Freestyle Relay,sydney-2000,GOLD,216610
Swimming,Men's 4 x 100m Freestyle Relay,sydney-2000,SILVER,219830
Swimming,Men's 4 x 100m Freestyle Relay,sydney-2000,BRONZE,220300
Swimming,Men's 4 x 100m Freestyle Relay,sydney-2000,BRONZE,220310
Swimming,Men's 4 x 100m Freestyle Relay,sydney-2000,BRONZE,220540
Swimming,Men's 4 x 100m Freestyle Relay,sydney-2000,BRONZE,220910
Swimming,Men's 4 x 100m Freestyle Relay,sydney-2000,BRONZE,222920
Swimming,Men's 4 x 100m Freestyle Relay,sydney-2000,BRONZE,224490
Swimming,Men's 4 x 100m Freestyle Relay,sydney-2000,BRONZE,224490
Swimming,Men's 4 x 100m Freestyle Relay,sydney-2000,BRONZE,224490
Swimming,Men's 4 x 100m Freestyle Relay,sydney-2000,BRONZE,224490
Swimming,Men's 4 x 100m Freestyle Relay,sydney-2000,BRONZE,224490
Swimming,Men's 4 x 100m Freestyle Relay,sydney-2000,BRONZE,224490
Swimming,Men's 4 x 200m Freestyle Relay,sydney-2000,GOLD,427050
Swimming,Men's 4 x 200m Freestyle Relay,sydney-2000,SILVER,432640
Swimming,Men's 4 x 200m Freestyle Relay,sydney-2000,BRONZE,432700
Swimming,Men's 4 x 200m Freestyle Relay,sydney-2000,BRONZE,432910
Swimming,Men's 4 x 200m Freestyle Relay,sydney-2000,BRONZE,432980
Swimming,Men's 4 x 200m Freestyle Relay,sydney-2000,BRONZE,440190
Swimming,Men's 4 x 200m Freestyle Relay,sydney-2000,BRONZE,441920
Swimming,Men's 4 x 200m Freestyle Relay,sydney-2000,BRONZE,444370
Swimming,Men's 4 x 200m Freestyle Relay,sydney-2000,BRONZE,444370
Swimming,Men's 4 x 200m Freestyle Relay,sydney-2000,BRONZE,444370
Swimming,Men's 4 x 200m Freestyle Relay,sydney-2000,BRONZE,444370
Swimming,Men's 4 x 200m Freestyle Relay,sydney-2000,BRONZE,444370
Swimming,Men's 4 x 200m Freestyle Relay,sydney-2000,BRONZE,444370
Swimming,Men's 4 x 200m Freestyle Relay,sydney-2000,BRONZE,444370
Swimming,Men's 4 x 200m Freestyle Relay,sydney-2000,BRONZE,444370
Swimming,Men's 4 x 200m Freestyle Relay,sydney-2000,BRONZE,444370
Swimming,Women's 4 x 200m Freestyle Relay,sydney-2000,GOLD,477800
Swimming,Women's 4 x 200m Freestyle Relay,sydney-2000,SILVER,478520
Swimming,Women's 4 x 200m Freestyle Relay,sydney-2000,BRONZE,478640
Swimming,Women's 4 x 200m Freestyle Relay,sydney-2000,BRONZE,481630
Swimming,Women's 4 x 200m Freestyle Relay,sydney-2000,BRONZE,482650
Swimming,Women's 4 x 200m Freestyle Relay,sydney-2000,BRONZE,483690
Swimming,Women's 4 x 200m Freestyle Relay,sydney-2000,BRONZE,484680
Swimming,Women's 4 x 200m Freestyle Relay,sydney-2000,BRONZE,485990
Swimming,Women's 4 x 200m Freestyle Relay,sydney-2000,BRONZE,485990
Swimming,Women's 4 x 200m Freestyle Relay,sydney-2000,BRONZE,485990
Swimming,Women's 4 x 200m Freestyle Relay,sydney-2000,BRONZE,485990
Swimming,Women's 4 x 200m Freestyle Relay,sydney-2000,BRONZE,485990
Swimming,Women's 4 x 200m Freestyle Relay,sydney-2000,BRONZE,485990
Swimming,Women's 4 x 200m Freestyle Relay,sydney-2000,BRONZE,485990
Swimming,Women's 4 x 200m Freestyle Relay,sydney-2000,BRONZE,485990
Swimming,Men's 4 x 100m Freestyle Relay,sydney-2000,GOLD,193670
Swimming,Men's 4 x 100m Freestyle Relay,sydney-2000,SILVER,193860
Swimming,Men's 4 x 100m Freestyle Relay,sydney-2000,BRONZE,197400
Swimming,Men's 4 x 100m Freestyle Relay,sydney-2000,BRONZE,197770
Swimming,Men's 4 x 100m Freestyle Relay,sydney-2000,BRONZE,197850
Swimming,Men's 4 x 100m Freestyle Relay,sydney-2000,BRONZE,199600
Swimming,Men's 4 x 100m Freestyle Relay,sydney-2000,BRONZE,201000
Swimming,Men's 4 x 100m Freestyle Relay,sydney-2000,BRONZE,201000
Swimming,Men's 4 x 100m Freestyle Relay,sydney-2000,BRONZE,201000
Swimming,Men's 4 x 100m Freestyle Relay,sydney-2000,BRONZE,201000
Swimming,Men's 4 x 100m Freestyle Relay,sydney-2000,BRONZE,201000
Swimming,Men's 4 x 100m Freestyle Relay,sydney-2000,BRONZE,201000
Swimming,Men's 4 x 100m Freestyle Relay,sydney-2000,BRONZE,201000
Swimming,Men's 4 x 100m Freestyle Relay,sydney-2000,BRONZE,201000
Swimming,Men's 4 x 100m Freestyle Relay,sydney-2000,BRONZE,201000
Swimming,Men's 4 x 100m Freestyle Relay,sydney-2000,BRONZE,201000
Swimming,Men's 4 x 100m Freestyle Relay,sydney-2000,BRONZE,201000
Swimming,Men's 4 x 100m Freestyle Relay,sydney-2000,BRONZE,201000
Swimming,Men's 4 x 100m Freestyle Relay,sydney-2000,BRONZE,201000
Swimming,Men's 4 x 100m Freestyle Relay,sydney-2000,BRONZE,201000
Swimming,Men's 4 x 100m Freestyle Relay,sydney-2000,BRONZE,201000
Swimming,Men's 4 x 100m Freestyle Relay,sydney-2000,BRONZE,201000
Swimming,Men's 4 x 100m Freestyle Relay,sydney-2000,BRONZE,201000
Athletics,Women's 4 x 100m Relay,atlanta-1996,GOLD,41950
Athletics,Women's 4 x 100m Relay,atlanta-1996,SILVER,42140
Athletics,Women's 4 x 100m Relay,atlanta-1996,BRONZE,42240
Athletics,Women's 4 x 100m Relay,atlanta-1996,BRONZE,42270
Athletics,Women's 4 x 100m Relay,atlanta-1996,BRONZE,42560
Athletics,Women's 4 x 100m Relay,atlanta-1996,BRONZE,42760
Athletics,Women's 4 x 100m Relay,atlanta-1996,BRONZE,43700
Athletics,Women's 4 x 100m Relay,atlanta-1996,BRONZE,43930
Athletics,Women's 4 x 400m Relay,atlanta-1996,GOLD,200910
Athletics,Women's 4 x 400m Relay,atlanta-1996,SILVER,201040
Athletics,Women's 4 x 400m Relay,atlanta-1996,BRONZE,201140
Athletics,Women's 4 x 400m Relay,atlanta-1996,BRONZE,201690
Athletics,Women's 4 x 400m Relay,atlanta-1996,BRONZE,202220
Athletics,Women's 4 x 400m Relay,atlanta-1996,BRONZE,205850
Athletics,Women's 4 x 400m Relay,atlanta-1996,BRONZE,206990
Athletics,Women's 4 x 400m Relay,atlanta-1996,BRONZE,208460
Athletics,Men's 4 x 100m Relay,atlanta-1996,GOLD,37690
Athletics,Men's 4 x 100m Relay,atlanta-1996,SILVER,38050
Athletics,Men's 4 x 100m Relay,atlanta-1996,BRONZE,38410
Athletics,Men's 4 x 100m Relay,atlanta-1996,BRONZE,38550
Athletics,Men's 4 x 100m Relay,atlanta-1996,BRONZE,38670
Athletics,Men's 4 x 100m Relay,atlanta-1996,BRONZE,39390
Athletics,Men's 4 x 400m Relay,atlanta-1996,GOLD,175990
Athletics,Men's 4 x 400m Relay,atlanta-1996,SILVER,176600
Athletics,Men's 4 x 400m Relay,atlanta-1996,BRONZE,179420
Athletics,Men's 4 x 400m Relay,atlanta-1996,BRONZE,180640
Athletics,Men's 4 x 400m Relay,atlanta-1996,BRONZE,180760
Athletics,Men's 4 x 400m Relay,atlanta-1996,BRONZE,180960
Athletics,Men's 4 x 400m Relay,atlanta-1996,BRONZE,182710
Swimming,Women's 4 x 200m Freestyle Relay,atlanta-1996,GOLD,479870
Swimming,Women's 4 x 200m Freestyle Relay,atlanta-1996,SILVER,481550
Swimming,Women's 4 x 200m Freestyle Relay,atlanta-1996,BRONZE,485470
Swimming,Women's 4 x 200m Freestyle Relay,atlanta-1996,BRONZE,487460
Swimming,Women's 4 x 200m Freestyle Relay,atlanta-1996,BRONZE,488160
Swimming,Women's 4 x 200m Freestyle Relay,atlanta-1996,BRONZE,488480
Swimming,Women's 4 x 200m Freestyle Relay,atlanta-1996,BRONZE,490020
Swimming,Women's 4 x 200m Freestyle Relay,atlanta-1996,BRONZE,495380
Swimming,Women's 4 x 200m Freestyle Relay,atlanta-1996,BRONZE,495380
Swimming,Women's 4 x 200m Freestyle Relay,atlanta-1996,BRONZE,495380
Swimming,Women's 4 x 200m Freestyle Relay,atlanta-1996,BRONZE,495380
Swimming,Women's 4 x 200m Freestyle Relay,atlanta-1996,BRONZE,495380
Swimming,Women's 4 x 200m Freestyle Relay,atlanta-1996,BRONZE,495380
Swimming,Women's 4 x 200m Freestyle Relay,atlanta-1996,BRONZE,495380
Swimming,Women's 4 x 200m Freestyle Relay,atlanta-1996,BRONZE,495380
Swimming,Women's 4 x 200m Freestyle Relay,atlanta-1996,BRONZE,495380
Swimming,Women's 4 x 200m Freestyle Relay,atlanta-1996,BRONZE,495380
Swimming,Women's 4 x 200m Freestyle Relay,atlanta-1996,BRONZE,495380
Swimming,Women's 4 x 200m Freestyle Relay,atlanta-1996,BRONZE,495380
Swimming,Women's 4 x 200m Freestyle Relay,atlanta-1996,BRONZE,495380
Swimming,Women's 4 x 200m Freestyle Relay,atlanta-1996,BRONZE,495380
Swimming,Men's 4 x 100m Freestyle Relay,atlanta-1996,GOLD,195410
Swimming,Men's 4 x 100m Freestyle Relay,atlanta-1996,SILVER,197060
Swimming,Men's 4 x 100m Freestyle Relay,atlanta-1996,BRONZE,197200
Swimming,Men's 4 x 100m Freestyle Relay,atlanta-1996,BRONZE,198300
Swimming,Men's 4 x 100m Freestyle Relay,atlanta-1996,BRONZE,199020
Swimming,Men's 4 x 100m Freestyle Relay,atlanta-1996,BRONZE,200130
Swimming,Men's 4 x 100m Freestyle Relay,atlanta-1996,BRONZE,200160
Swimming,Men's 4 x 100m Freestyle Relay,atlanta-1996,BRONZE,201520
Swimming,Men's 4 x 100m Freestyle Relay,atlanta-1996,BRONZE,201520
Swimming,Men's 4 x 100m Freestyle Relay,atlanta-1996,BRONZE,201520
Swimming,Men's 4 x 100m Freestyle Relay,atlanta-1996,BRONZE,201520
Swimming,Men's 4 x 100m Freestyle Relay,atlanta-1996,BRONZE,201520
Swimming,Men's 4 x 100m Freestyle Relay,atlanta-1996,BRONZE,201520
Swimming,Men's 4 x 100m Freestyle Relay,atlanta-1996,BRONZE,201520
Swimming,Men's 4 x 100m Freestyle Relay,atlanta-1996,BRONZE,201520
Swimming,Men's 4 x 100m Freestyle Relay,atlanta-1996,BRONZE,201520
Swimming,Men's 4 x 100m Freestyle Relay,atlanta-1996,BRONZE,201520
Swimming,Men's 4 x 100m Freestyle Relay,atlanta-1996,BRONZE,201520
Swimming,Men's 4 x 100m Freestyle Relay,atlanta-1996,BRONZE,201520
Swimming,Men's 4 x 100m Freestyle Relay,atlanta-1996,BRONZE,201520
Swimming,Men's 4 x 100m Freestyle Relay,atlanta-1996,GOLD,219290
Swimming,Men's 4 x 100m Freestyle Relay,atlanta-1996,SILVER,220480
Swimming,Men's 4 x 100m Freestyle Relay,atlanta-1996,BRONZE,221480
Swimming,Men's 4 x 100m Freestyle Relay,atlanta-1996,BRONZE,222400
Swimming,Men's 4 x 100m Freestyle Relay,atlanta-1996,BRONZE,224910
Swimming,Men's 4 x 100m Freestyle Relay,atlanta-1996,BRONZE,225310
Swimming,Men's 4 x 100m Freestyle Relay,atlanta-1996,BRONZE,226270
Swimming,Men's 4 x 100m Freestyle Relay,atlanta-1996,BRONZE,226270
Swimming,Men's 4 x 100m Freestyle Relay,atlanta-1996,BRONZE,226270
Swimming,Men's 4 x 100m Freestyle Relay,atlanta-1996,BRONZE,226270
Swimming,Men's 4 x 100m Freestyle Relay,atlanta-1996,BRONZE,226270
Swimming,Men's 4 x 100m Freestyle Relay,atlanta-1996,BRONZE,226270
Swimming,Men's 4 x 100m Freestyle Relay,atlanta-1996,BRONZE,226270
Swimming,Men's 4 x 100m Freestyle Relay,atlanta-1996,BRONZE,226270
Swimming,Men's 4 x 100m Freestyle Relay,atlanta-1996,BRONZE,226270
Swimming,Men's 4 x 100m Freestyle Relay,atlanta-1996,BRONZE,226270
Swimming,Men's 4 x 100m Freestyle Relay,atlanta-1996,BRONZE,226270
Swimming,Men's 4 x 100m Freestyle Relay,atlanta-1996,BRONZE,226270
Swimming,Men's 4 x 100m Freestyle Relay,atlanta-1996,BRONZE,226270
Swimming,Men's 4 x 200m Freestyle Relay,atlanta-1996,GOLD,434840
Swimming,Men's 4 x 200m Freestyle Relay,atlanta-1996,SILVER,437560
Swimming,Men's 4 x 200m Freestyle Relay,atlanta-1996,BRONZE,437710
Swimming,Men's 4 x 200m Freestyle Relay,atlanta-1996,BRONZE,438470
Swimming,Men's 4 x 200m Freestyle Relay,atlanta-1996,BRONZE,438740
Swimming,Men's 4 x 200m Freestyle Relay,atlanta-1996,BRONZE,439920
Swimming,Men's 4 x 200m Freestyle Relay,atlanta-1996,BRONZE,441960
Swimming,Men's 4 x 200m Freestyle Relay,atlanta-1996,BRONZE,444850
Swimming,Men's 4 x 200m Freestyle Relay,atlanta-1996,BRONZE,444850
Swimming,Men's 4 x 200m Freestyle Relay,atlanta-1996,BRONZE,444850
Swimming,Men's 4 x 200m Freestyle Relay,atlanta-1996,BRONZE,444850
Swimming,Men's 4 x 200m Freestyle Relay,atlanta-1996,BRONZE,444850
Swimming,Men's 4 x 200m Freestyle Relay,atlanta-1996,BRONZE,444850
Swimming,Men's 4 x 200m Freestyle Relay,atlanta-1996,BRONZE,444850
Swimming,Men's 4 x 200m Freestyle Relay,atlanta-1996,BRONZE,444850
Swimming,Men's 4 x 200m Freestyle Relay,atlanta-1996,BRONZE,444850
Swimming,Men's 4 x 200m Freestyle Relay,atlanta-1996,BRONZE,444850
Athletics,Women's 4 x 400m Relay,barcelona-1992,GOLD,200200
Athletics,Women's 4 x 400m Relay,barcelona-1992,SILVER,200920
Athletics,Women's 4 x 400m Relay,barcelona-1992,BRONZE,204230
Athletics,Women's 4 x 400m Relay,barcelona-1992,BRONZE,205200
Athletics,Women's 4 x 400m Relay,barcelona-1992,BRONZE,205680
Athletics,Women's 4 x 400m Relay,barcelona-1992,BRONZE,206370
Athletics,Women's 4 x 400m Relay,barcelona-1992,BRONZE,206420
Athletics,Women's 4 x 400m Relay,barcelona-1992,BRONZE,216850
Athletics,Men's 4 x 100m Relay,barcelona-1992,GOLD,37400
Athletics,Men's 4 x 100m Relay,barcelona-1992,SILVER,37980
Athletics,Men's 4 x 100m Relay,barcelona-1992,BRONZE,38000
Athletics,Men's 4 x 100m Relay,barcelona-1992,BRONZE,38080
Athletics,Men's 4 x 100m Relay,barcelona-1992,BRONZE,38170
Athletics,Men's 4 x 100m Relay,barcelona-1992,BRONZE,38770
Athletics,Men's 4 x 100m Relay,barcelona-1992,BRONZE,39300
Athletics,Men's 4 x 100m Relay,barcelona-1992,BRONZE,39310
Athletics,Women's 4 x 100m Relay,barcelona-1992,GOLD,42110
Athletics,Women's 4 x 100m Relay,barcelona-1992,SILVER,42160
Athletics,Women's 4 x 100m Relay,barcelona-1992,BRONZE,42810
Athletics,Women's 4 x 100m Relay,barcelona-1992,BRONZE,42850
Athletics,Women's 4 x 100m Relay,barcelona-1992,BRONZE,43120
Athletics,Women's 4 x 100m Relay,barcelona-1992,BRONZE,43770
Athletics,Men's 4 x 400m Relay,barcelona-1992,GOLD,175740
Athletics,Men's 4 x 400m Relay,barcelona-1992,SILVER,179510
Athletics,Men's 4 x 400m Relay,barcelona-1992,BRONZE,179730
Athletics,Men's 4 x 400m Relay,barcelona-1992,BRONZE,181610
Athletics,Men's 4 x 400m Relay,barcelona-1992,BRONZE,181710
Athletics,Men's 4 x 400m Relay,barcelona-1992,BRONZE,182180
Athletics,Men's 4 x 400m Relay,barcelona-1992,BRONZE,183310
Swimming,Men's 4 x 100m Freestyle Relay,barcelona-1992,GOLD,196740
Swimming,Men's 4 x 100m Freestyle Relay,barcelona-1992,SILVER,197560
Swimming,Men's 4 x 100m Freestyle Relay,barcelona-1992,BRONZE,197900
Swimming,Men's 4 x 100m Freestyle Relay,barcelona-1992,BRONZE,199160
Swimming,Men's 4 x 100m Freestyle Relay,barcelona-1992,BRONZE,200100
Swimming,Men's 4 x 100m Freestyle Relay,barcelona-1992,BRONZE,200990
Swimming,Men's 4 x 100m Freestyle Relay,barcelona-1992,BRONZE,201750
Swimming,Men's 4 x 100m Freestyle Relay,barcelona-1992,BRONZE,202040
Swimming,Men's 4 x 100m Freestyle Relay,barcelona-1992,BRONZE,202040
Swimming,Men's 4 x 100m Freestyle Relay,barcelona-1992,BRONZE,202040
Swimming,Men's 4 x 100m Freestyle Relay,barcelona-1992,BRONZE,202040
Swimming,Men's 4 x 100m Freestyle Relay,barcelona-1992,BRONZE,202040
Swimming,Men's 4 x 100m Freestyle Relay,barcelona-1992,BRONZE,202040
Swimming,Men's 4 x 100m Freestyle Relay,barcelona-1992,BRONZE,202040
Swimming,Men's 4 x 100m Freestyle Relay,barcelona-1992,BRONZE,202040
Swimming,Men's 4 x 100m Freestyle Relay,barcelona-1992,BRONZE,202040
Swimming,Men's 4 x 100m Freestyle Relay,barcelona-1992,BRONZE,202040
Swimming,Men's 4 x 100m Freestyle Relay,barcelona-1992,BRONZE,202040
Swimming,Men's 4 x 200m Freestyle Relay,barcelona-1992,GOLD,431950
Swimming,Men's 4 x 200m Freestyle Relay,barcelona-1992,SILVER,435510
Swimming,Men's 4 x 200m Freestyle Relay,barcelona-1992,BRONZE,436230
Swimming,Men's 4 x 200m Freestyle Relay,barcelona-1992,BRONZE,436580
Swimming,Men's 4 x 200m Freestyle Relay,barcelona-1992,BRONZE,438100
Swimming,Men's 4 x 200m Freestyle Relay,barcelona-1992,BRONZE,442570
Swimming,Men's 4 x 200m Freestyle Relay,barcelona-1992,BRONZE,444030
Swimming,Men's 4 x 200m Freestyle Relay,barcelona-1992,BRONZE,444030
Swimming,Men's 4 x 200m Freestyle Relay,barcelona-1992,BRONZE,444030
Swimming,Men's 4 x 200m Freestyle Relay,barcelona-1992,BRONZE,444030
Swimming,Men's 4 x 200m Freestyle Relay,barcelona-1992,BRONZE,444030
Swimming,Men's 4 x 200m Freestyle Relay,barcelona-1992,BRONZE,444030
Swimming,Men's 4 x 200m Freestyle Relay,barcelona-1992,BRONZE,444030
Swimming,Men's 4 x 200m Freestyle Relay,barcelona-1992,BRONZE,444030
Swimming,Men's 4 x 200m Freestyle Relay,barcelona-1992,BRONZE,444030
Swimming,Men's 4 x 200m Freestyle Relay,barcelona-1992,BRONZE,444030
Swimming,Men's 4 x 200m Freestyle Relay,barcelona-1992,BRONZE,444030
Swimming,Men's 4 x 200m Freestyle Relay,barcelona-1992,BRONZE,444030
Swimming,Men's 4 x 100m Freestyle Relay,barcelona-1992,GOLD,219460
Swimming,Men's 4 x 100m Freestyle Relay,barcelona-1992,SILVER,220120
Swimming,Men's 4 x 100m Freestyle Relay,barcelona-1992,BRONZE,221600
Swimming,Men's 4 x 100m Freestyle Relay,barcelona-1992,BRONZE,223680
Swimming,Men's 4 x 100m Freestyle Relay,barcelona-1992,BRONZE,223740
Swimming,Men's 4 x 100m Freestyle Relay,barcelona-1992,BRONZE,227810
Swimming,Men's 4 x 100m Freestyle Relay,barcelona-1992,BRONZE,228470
Swimming,Men's 4 x 100m Freestyle Relay,barcelona-1992,BRONZE,229370
Swimming,Men's 4 x 100m Freestyle Relay,barcelona-1992,BRONZE,229370
Swimming,Men's 4 x 100m Freestyle Relay,barcelona-1992,BRONZE,229370
Swimming,Men's 4 x 100m Freestyle Relay,barcelona-1992,BRONZE,229370
Swimming,Men's 4 x 100m Freestyle Relay,barcelona-1992,BRONZE,229370
Swimming,Men's 4 x 100m Freestyle Relay,barcelona-1992,BRONZE,229370
Athletics,Women's 4 x 400m Relay,seoul-1988,GOLD,195180
Athletics,Women's 4 x 400m Relay,seoul-1988,SILVER,195510
Athletics,Women's 4 x 400m Relay,seoul-1988,BRONZE,198290
Athletics,Women's 4 x 400m Relay,seoul-1988,BRONZE,202490
Athletics,Women's 4 x 400m Relay,seoul-1988,BRONZE,203130
Athletics,Women's 4 x 400m Relay,seoul-1988,BRONZE,206890
Athletics,Women's 4 x 400m Relay,seoul-1988,BRONZE,209370
Athletics,Men's 4 x 100m Relay,seoul-1988,GOLD,38190
Athletics,Men's 4 x 100m Relay,seoul-1988,SILVER,38280
Athletics,Men's 4 x 100m Relay,seoul-1988,BRONZE,38400
Athletics,Men's 4 x 100m Relay,seoul-1988,BRONZE,38470
Athletics,Men's 4 x 100m Relay,seoul-1988,BRONZE,38540
Athletics,Men's 4 x 100m Relay,seoul-1988,BRONZE,38550
Athletics,Men's 4 x 100m Relay,seoul-1988,BRONZE,38930
Athletics,Men's 4 x 100m Relay,seoul-1988,BRONZE,39190
Athletics,Men's 4 x 400m Relay,seoul-1988,GOLD,176160
Athletics,Men's 4 x 400m Relay,seoul-1988,SILVER,180300
Athletics,Men's 4 x 400m Relay,seoul-1988,BRONZE,180560
Athletics,Men's 4 x 400m Relay,seoul-1988,BRONZE,181130
Athletics,Men's 4 x 400m Relay,seoul-1988,BRONZE,182000
Athletics,Men's 4 x 400m Relay,seoul-1988,BRONZE,182490
Athletics,Men's 4 x 400m Relay,seoul-1988,BRONZE,182500
Athletics,Men's 4 x 400m Relay,seoul-1988,BRONZE,184690
Athletics,Women's 4 x 100m Relay,seoul-1988,GOLD,41980
Athletics,Women's 4 x 100m Relay,seoul-1988,SILVER,42090
Athletics,Women's 4 x 100m Relay,seoul-1988,BRONZE,42750
Athletics,Women's 4 x 100m Relay,seoul-1988,BRONZE,42760
Athletics,Women's 4 x 100m Relay,seoul-1988,BRONZE,43020
Athletics,Women's 4 x 100m Relay,seoul-1988,BRONZE,43930
Athletics,Women's 4 x 100m Relay,seoul-1988,BRONZE,44020
Swimming,Men's 4 x 200m Freestyle Relay,seoul-1988,GOLD,432510
Swimming,Men's 4 x 200m Freestyle Relay,seoul-1988,SILVER,433680
Swimming,Men's 4 x 200m Freestyle Relay,seoul-1988,BRONZE,434350
Swimming,Men's 4 x 200m Freestyle Relay,seoul-1988,BRONZE,435230
Swimming,Men's 4 x 200m Freestyle Relay,seoul-1988,BRONZE,436000
Swimming,Men's 4 x 200m Freestyle Relay,seoul-1988,BRONZE,439100
Swimming,Men's 4 x 200m Freestyle Relay,seoul-1988,BRONZE,444690
Swimming,Men's 4 x 200m Freestyle Relay,seoul-1988,BRONZE,444910
Swimming,Men's 4 x 200m Freestyle Relay,seoul-1988,BRONZE,444910
Swimming,Men's 4 x 200m Freestyle Relay,seoul-1988,BRONZE,444910
Swimming,Men's 4 x 200m Freestyle Relay,seoul-1988,BRONZE,444910
Swimming,Men's 4 x 200m Freestyle Relay,seoul-1988,BRONZE,444910
Swimming,Men's 4 x 200m Freestyle Relay,seoul-1988,BRONZE,444910
Swimming,Men's 4 x 200m Freestyle Relay,seoul-1988,BRONZE,444910
Swimming,Men's 4 x 200m Freestyle Relay,seoul-1988,BRONZE,444910
Swimming,Men's 4 x 200m Freestyle Relay,seoul-1988,BRONZE,444910
Swimming,Men's 4 x 100m Freestyle Relay,seoul-1988,GOLD,196530
Swimming,Men's 4 x 100m Freestyle Relay,seoul-1988,SILVER,198330
Swimming,Men's 4 x 100m Freestyle Relay,seoul-1988,BRONZE,199820
Swimming,Men's 4 x 100m Freestyle Relay,seoul-1988,BRONZE,200020
Swimming,Men's 4 x 100m Freestyle Relay,seoul-1988,BRONZE,201070
Swimming,Men's 4 x 100m Freestyle Relay,seoul-1988,BRONZE,201650
Swimming,Men's 4 x 100m Freestyle Relay,seoul-1988,BRONZE,201710
Swimming,Men's 4 x 100m Freestyle Relay,seoul-1988,BRONZE,202930
Swimming,Men's 4 x 100m Freestyle Relay,seoul-1988,BRONZE,202930
Swimming,Men's 4 x 100m Freestyle Relay,seoul-1988,BRONZE,202930
Swimming,Men's 4 x 100m Freestyle Relay,seoul-1988,BRONZE,202930
Swimming,Men's 4 x 100m Freestyle Relay,seoul-1988,BRONZE,202930
Swimming,Men's 4 x 100m Freestyle Relay,seoul-1988,BRONZE,202930
Swimming,Men's 4 x 100m Freestyle Relay,seoul-1988,BRONZE,202930
Swimming,Men's 4 x 100m Freestyle Relay,seoul-1988,BRONZE,202930
Swimming,Men's 4 x 100m Freestyle Relay,seoul-1988,BRONZE,202930
Swimming,Men's 4 x 100m Freestyle Relay,seoul-1988,BRONZE,202930
Swimming,Men's 4 x 100m Freestyle Relay,seoul-1988,BRONZE,202930
Swimming,Men's 4 x 100m Freestyle Relay,seoul-1988,BRONZE,202930
Swimming,Men's 4 x 100m Freestyle Relay,seoul-1988,BRONZE,202930
Swimming,Men's 4 x 100m Freestyle Relay,seoul-1988,BRONZE,202930
Swimming,Men's 4 x 100m Freestyle Relay,seoul-1988,BRONZE,202930
Swimming,Men's 4 x 100m Freestyle Relay,seoul-1988,GOLD,220630
Swimming,Men's 4 x 100m Freestyle Relay,seoul-1988,SILVER,223390
Swimming,Men's 4 x 100m Freestyle Relay,seoul-1988,BRONZE,224250
Swimming,Men's 4 x 100m Freestyle Relay,seoul-1988,BRONZE,224690
Swimming,Men's 4 x 100m Freestyle Relay,seoul-1988,BRONZE,224990
Swimming,Men's 4 x 100m Freestyle Relay,seoul-1988,BRONZE,226750
Swimming,Men's 4 x 100m Freestyle Relay,seoul-1988,BRONZE,226900
Swimming,Men's 4 x 100m Freestyle Relay,seoul-1988,BRONZE,229250
Swimming,Men's 4 x 100m Freestyle Relay,seoul-1988,BRONZE,229250
Swimming,Men's 4 x 100m Freestyle Relay,seoul-1988,BRONZE,229250
Swimming,Men's 4 x 100m Freestyle Relay,seoul-1988,BRONZE,229250
Swimming,Men's 4 x 100m Freestyle Relay,seoul-1988,BRONZE,229250
Swimming,Men's 4 x 100m Freestyle Relay,seoul-1988,BRONZE,229250
Swimming,Men's 4 x 100m Freestyle Relay,seoul-1988,BRONZE,229250
Swimming,Men's 4 x 100m Freestyle Relay,seoul-1988,BRONZE,229250
Swimming,Men's 4 x 100m Freestyle Relay,los-angeles-1984,GOLD,223430
Swimming,Men's 4 x 100m Freestyle Relay,los-angeles-1984,SILVER,224400
Swimming,Men's 4 x 100m Freestyle Relay,los-angeles-1984,BRONZE,225560
Swimming,Men's 4 x 100m Freestyle Relay,los-angeles-1984,BRONZE,227790
Swimming,Men's 4 x 100m Freestyle Relay,los-angeles-1984,BRONZE,229500
Swimming,Men's 4 x 100m Freestyle Relay,los-angeles-1984,BRONZE,230120
Swimming,Men's 4 x 100m Freestyle Relay,los-angeles-1984,BRONZE,231240
Swimming,Men's 4 x 100m Freestyle Relay,los-angeles-1984,BRONZE,232150
Swimming,Men's 4 x 100m Freestyle Relay,los-angeles-1984,BRONZE,232150
Swimming,Men's 4 x 100m Freestyle Relay,los-angeles-1984,BRONZE,232150
Swimming,Men's 4 x 100m Freestyle Relay,los-angeles-1984,BRONZE,232150
Swimming,Men's 4 x 100m Freestyle Relay,los-angeles-1984,BRONZE,232150
Swimming,Men's 4 x 200m Freestyle Relay,los-angeles-1984,GOLD,435690
Swimming,Men's 4 x 200m Freestyle Relay,los-angeles-1984,SILVER,435730
Swimming,Men's 4 x 200m Freestyle Relay,los-angeles-1984,BRONZE,444780
Swimming,Men's 4 x 200m Freestyle Relay,los-angeles-1984,BRONZE,445630
Swimming,Men's 4 x 200m Freestyle Relay,los-angeles-1984,BRONZE,446510
Swimming,Men's 4 x 200m Freestyle Relay,los-angeles-1984,BRONZE,446530
Swimming,Men's 4 x 200m Freestyle Relay,los-angeles-1984,BRONZE,446720
Swimming,Men's 4 x 200m Freestyle Relay,los-angeles-1984,BRONZE,450160
Swimming,Men's 4 x 200m Freestyle Relay,los-angeles-1984,BRONZE,450160
Swimming,Men's 4 x 200m Freestyle Relay,los-angeles-1984,BRONZE,450160
Swimming,Men's 4 x 200m Freestyle Relay,los-angeles-1984,BRONZE,450160
Swimming,Men's 4 x 200m Freestyle Relay,los-angeles-1984,BRONZE,450160
Swimming,Men's 4 x 200m Freestyle Relay,los-angeles-1984,BRONZE,450160
Swimming,Men's 4 x 200m Freestyle Relay,los-angeles-1984,BRONZE,450160
Swimming,Men's 4 x 100m Freestyle Relay,los-angeles-1984,GOLD,199030
Swimming,Men's 4 x 100m Freestyle Relay,los-angeles-1984,SILVER,199680
Swimming,Men's 4 x 100m Freestyle Relay,los-angeles-1984,BRONZE,202690
Swimming,Men's 4 x 100m Freestyle Relay,los-angeles-1984,BRONZE,202980
Swimming,Men's 4 x 100m Freestyle Relay,los-angeles-1984,BRONZE,203610
Swimming,Men's 4 x 100m Freestyle Relay,los-angeles-1984,BRONZE,204630
Swimming,Men's 4 x 100m Freestyle Relay,los-angeles-1984,BRONZE,204700
Swimming,Men's 4 x 100m Freestyle Relay,los-angeles-1984,BRONZE,204970
Swimming,Men's 4 x 100m Freestyle Relay,los-angeles-1984,BRONZE,204970
Swimming,Men's 4 x 100m Freestyle Relay,los-angeles-1984,BRONZE,204970
Swimming,Men's 4 x 100m Freestyle Relay,los-angeles-1984,BRONZE,204970
Swimming,Men's 4 x 100m Freestyle Relay,los-angeles-1984,BRONZE,204970
Swimming,Men's 4 x 100m Freestyle Relay,los-angeles-1984,BRONZE,204970
Swimming,Men's 4 x 100m Freestyle Relay,los-angeles-1984,BRONZE,204970
Swimming,Men's 4 x 100m Freestyle Relay,los-angeles-1984,BRONZE,204970
Swimming,Men's 4 x 100m Freestyle Relay,los-angeles-1984,BRONZE,204970
Swimming,Men's 4 x 100m Freestyle Relay,los-angeles-1984,BRONZE,204970
Swimming,Men's 4 x 100m Freestyle Relay,los-angeles-1984,BRONZE,204970
Swimming,Men's 4 x 100m Freestyle Relay,los-angeles-1984,BRONZE,204970
Swimming,Men's 4 x 100m Freestyle Relay,los-angeles-1984,BRONZE,204970
Swimming,Men's 4 x 100m Freestyle Relay,los-angeles-1984,BRONZE,204970
Swimming,Men's 4 x 100m Freestyle Relay,los-angeles-1984,BRONZE,204970
Swimming,Men's 4 x 100m Freestyle Relay,los-angeles-1984,BRONZE,204970
Swimming,Men's 4 x 100m Freestyle Relay,los-angeles-1984,BRONZE,204970
Athletics,Women's 4 x 400m Relay,los-angeles-1984,GOLD,198290
Athletics,Women's 4 x 400m Relay,los-angeles-1984,SILVER,201210
Athletics,Women's 4 x 400m Relay,los-angeles-1984,BRONZE,202980
Athletics,Women's 4 x 400m Relay,los-angeles-1984,BRONZE,205510
Athletics,Women's 4 x 400m Relay,los-angeles-1984,BRONZE,207510
Athletics,Women's 4 x 400m Relay,los-angeles-1984,BRONZE,210820
Athletics,Women's 4 x 400m Relay,los-angeles-1984,BRONZE,212490
Athletics,Women's 4 x 100m Relay,los-angeles-1984,GOLD,41650
Athletics,Women's 4 x 100m Relay,los-angeles-1984,SILVER,42770
Athletics,Women's 4 x 100m Relay,los-angeles-1984,BRONZE,43110
Athletics,Women's 4 x 100m Relay,los-angeles-1984,BRONZE,43150
Athletics,Women's 4 x 100m Relay,los-angeles-1984,BRONZE,43570
Athletics,Women's 4 x 100m Relay,los-angeles-1984,BRONZE,44180
Athletics,Women's 4 x 100m Relay,los-angeles-1984,BRONZE,44230
Athletics,Women's 4 x 100m Relay,los-angeles-1984,BRONZE,53540
Athletics,Men's 4 x 400m Relay,los-angeles-1984,GOLD,177910
Athletics,Men's 4 x 400m Relay,los-angeles-1984,SILVER,179130
Athletics,Men's 4 x 400m Relay,los-angeles-1984,BRONZE,179320
Athletics,Men's 4 x 400m Relay,los-angeles-1984,BRONZE,179700
Athletics,Men's 4 x 400m Relay,los-angeles-1984,BRONZE,181440
Athletics,Men's 4 x 400m Relay,los-angeles-1984,BRONZE,181600
Athletics,Men's 4 x 400m Relay,los-angeles-1984,BRONZE,182090
Athletics,Men's 4 x 400m Relay,los-angeles-1984,BRONZE,182820
Athletics,Men's 4 x 100m Relay,los-angeles-1984,GOLD,37830
Athletics,Men's 4 x 100m Relay,los-angeles-1984,SILVER,38620
Athletics,Men's 4 x 100m Relay,los-angeles-1984,BRONZE,38700
Athletics,Men's 4 x 100m Relay,los-angeles-1984,BRONZE,38870
Athletics,Men's 4 x 100m Relay,los-angeles-1984,BRONZE,38990
Athletics,Men's 4 x 100m Relay,los-angeles-1984,BRONZE,39100
Athletics,Men's 4 x 100m Relay,los-angeles-1984,BRONZE,39130
Athletics,Men's 4 x 100m Relay,los-angeles-1984,BRONZE,39400
Athletics,Women's 4 x 400m Relay,moscow-1980,GOLD,200200
Athletics,Women's 4 x 400m Relay,moscow-1980,SILVER,200400
Athletics,Women's 4 x 400m Relay,moscow-1980,BRONZE,207500
Athletics,Women's 4 x 400m Relay,moscow-1980,BRONZE,207700
Athletics,Women's 4 x 400m Relay,moscow-1980,BRONZE,207900
Athletics,Women's 4 x 400m Relay,moscow-1980,BRONZE,207900
Athletics,Women's 4 x 400m Relay,moscow-1980,BRONZE,211600
Athletics,Women's 4 x 100m Relay,moscow-1980,GOLD,41600
Athletics,Women's 4 x 100m Relay,moscow-1980,SILVER,42100
Athletics,Women's 4 x 100m Relay,moscow-1980,BRONZE,42430
Athletics,Women's 4 x 100m Relay,moscow-1980,BRONZE,42670
Athletics,Women's 4 x 100m Relay,moscow-1980,BRONZE,42840
Athletics,Women's 4 x 100m Relay,moscow-1980,BRONZE,43190
Athletics,Women's 4 x 100m Relay,moscow-1980,BRONZE,43590
Athletics,Women's 4 x 100m Relay,moscow-1980,BRONZE,43590
Athletics,Men's 4 x 100m Relay,moscow-1980,GOLD,38260
Athletics,Men's 4 x 100m Relay,moscow-1980,SILVER,38330
Athletics,Men's 4 x 100m Relay,moscow-1980,BRONZE,38530
Athletics,Men's 4 x 100m Relay,moscow-1980,BRONZE,38620
Athletics,Men's 4 x 100m Relay,moscow-1980,BRONZE,38730
Athletics,Men's 4 x 100m Relay,moscow-1980,BRONZE,38990
Athletics,Men's 4 x 100m Relay,moscow-1980,BRONZE,39120
Athletics,Men's 4 x 100m Relay,moscow-1980,BRONZE,39540
Athletics,Men's 4 x 400m Relay,moscow-1980,GOLD,181100
Athletics,Men's 4 x 400m Relay,moscow-1980,SILVER,181300
Athletics,Men's 4 x 400m Relay,moscow-1980,BRONZE,184300
Athletics,Men's 4 x 400m Relay,moscow-1980,BRONZE,184800
Athletics,Men's 4 x 400m Relay,moscow-1980,BRONZE,185900
Athletics,Men's 4 x 400m Relay,moscow-1980,BRONZE,186600
Athletics,Men's 4 x 400m Relay,moscow-1980,BRONZE,187000
Swimming,Men's 4 x 200m Freestyle Relay,moscow-1980,GOLD,443500
Swimming,Men's 4 x 200m Freestyle Relay,moscow-1980,SILVER,448600
Swimming,Men's 4 x 200m Freestyle Relay,moscow-1980,BRONZE,449300
Swimming,Men's 4 x 200m Freestyle Relay,moscow-1980,BRONZE,450100
Swimming,Men's 4 x 200m Freestyle Relay,moscow-1980,BRONZE,450370
Swimming,Men's 4 x 200m Freestyle Relay,moscow-1980,BRONZE,450810
Swimming,Men's 4 x 200m Freestyle Relay,moscow-1980,BRONZE,450820
Swimming,Men's 4 x 200m Freestyle Relay,moscow-1980,BRONZE,456080
Swimming,Men's 4 x 200m Freestyle Relay,moscow-1980,BRONZE,456080
Swimming,Men's 4 x 200m Freestyle Relay,moscow-1980,BRONZE,456080
Swimming,Men's 4 x 100m Freestyle Relay,moscow-1980,GOLD,222710
Swimming,Men's 4 x 100m Freestyle Relay,moscow-1980,SILVER,228930
Swimming,Men's 4 x 100m Freestyle Relay,moscow-1980,BRONZE,229510
Swimming,Men's 4 x 100m Freestyle Relay,moscow-1980,BRONZE,231710
Swimming,Men's 4 x 100m Freestyle Relay,moscow-1980,BRONZE,234160
Swimming,Men's 4 x 100m Freestyle Relay,moscow-1980,BRONZE,235410
Swimming,Men's 4 x 100m Freestyle Relay,moscow-1980,BRONZE,236340
Swimming,Men's 4 x 100m Freestyle Relay,moscow-1980,BRONZE,238730
Swimming,Men's 4 x 100m Freestyle Relay,moscow-1980,BRONZE,238730
Swimming,Men's 4 x 100m Freestyle Relay,montreal-1976,GOLD,224820
Swimming,Men's 4 x 100m Freestyle Relay,montreal-1976,SILVER,225500
Swimming,Men's 4 x 100m Freestyle Relay,montreal-1976,BRONZE,228810
Swimming,Men's 4 x 100m Freestyle Relay,montreal-1976,BRONZE,231670
Swimming,Men's 4 x 100m Freestyle Relay,montreal-1976,BRONZE,232690
Swimming,Men's 4 x 100m Freestyle Relay,montreal-1976,BRONZE,236730
Swimming,Men's 4 x 100m Freestyle Relay,montreal-1976,BRONZE,237250
Swimming,Men's 4 x 100m Freestyle Relay,montreal-1976,BRONZE,238330
Swimming,Men's 4 x 100m Freestyle Relay,montreal-1976,BRONZE,238330
Swimming,Men's 4 x 200m Freestyle Relay,montreal-1976,GOLD,443220
Swimming,Men's 4 x 200m Freestyle Relay,montreal-1976,SILVER,447970
Swimming,Men's 4 x 200m Freestyle Relay,montreal-1976,BRONZE,452110
Swimming,Men's 4 x 200m Freestyle Relay,montreal-1976,BRONZE,452270
Swimming,Men's 4 x 200m Freestyle Relay,montreal-1976,BRONZE,458920
Swimming,Men's 4 x 200m Freestyle Relay,montreal-1976,BRONZE,462560
Swimming,Men's 4 x 200m Freestyle Relay,montreal-1976,BRONZE,462840
Swimming,Men's 4 x 200m Freestyle Relay,montreal-1976,BRONZE,463390
Swimming,Men's 4 x 200m Freestyle Relay,montreal-1976,BRONZE,463390
Swimming,Men's 4 x 200m Freestyle Relay,montreal-1976,BRONZE,463390
Athletics,Men's 4 x 400m Relay,montreal-1976,GOLD,178650
Athletics,Men's 4 x 400m Relay,montreal-1976,SILVER,181430
Athletics,Men's 4 x 400m Relay,montreal-1976,BRONZE,181980
Athletics,Men's 4 x 400m Relay,montreal-1976,BRONZE,182640
Athletics,Men's 4 x 400m Relay,montreal-1976,BRONZE,182840
Athletics,Men's 4 x 400m Relay,montreal-1976,BRONZE,183460
Athletics,Men's 4 x 400m Relay,montreal-1976,BRONZE,183810
Athletics,Men's 4 x 400m Relay,montreal-1976,BRONZE,186510
Athletics,Women's 4 x 400m Relay,montreal-1976,GOLD,199230
Athletics,Women's 4 x 400m Relay,montreal-1976,SILVER,202810
Athletics,Women's 4 x 400m Relay,montreal-1976,BRONZE,204240
Athletics,Women's 4 x 400m Relay,montreal-1976,BRONZE,205560
Athletics,Women's 4 x 400m Relay,montreal-1976,BRONZE,205710
Athletics,Women's 4 x 400m Relay,montreal-1976,BRONZE,205870
Athletics,Women's 4 x 400m Relay,montreal-1976,BRONZE,208010
Athletics,Women's 4 x 400m Relay,montreal-1976,BRONZE,208910
Athletics,Men's 4 x 100m Relay,montreal-1976,GOLD,38330
Athletics,Men's 4 x 100m Relay,montreal-1976,SILVER,38660
Athletics,Men's 4 x 100m Relay,montreal-1976,BRONZE,38780
Athletics,Men's 4 x 100m Relay,montreal-1976,BRONZE,38830
Athletics,Men's 4 x 100m Relay,montreal-1976,BRONZE,39010
Athletics,Men's 4 x 100m Relay,montreal-1976,BRONZE,39080
Athletics,Men's 4 x 100m Relay,montreal-1976,BRONZE,39160
Athletics,Men's 4 x 100m Relay,montreal-1976,BRONZE,39470
Athletics,Women's 4 x 100m Relay,montreal-1976,GOLD,42550
Athletics,Women's 4 x 100m Relay,montreal-1976,SILVER,42590
Athletics,Women's 4 x 100m Relay,montreal-1976,BRONZE,43090
Athletics,Women's 4 x 100m Relay,montreal-1976,BRONZE,43170
Athletics,Women's 4 x 100m Relay,montreal-1976,BRONZE,43180
Athletics,Women's 4 x 100m Relay,montreal-1976,BRONZE,43240
Athletics,Women's 4 x 100m Relay,montreal-1976,BRONZE,43350
Athletics,Women's 4 x 100m Relay,montreal-1976,BRONZE,43790
Swimming,Men's 4 x 200m Freestyle Relay,munich-1972,GOLD,455780
Swimming,Men's 4 x 200m Freestyle Relay,munich-1972,SILVER,461690
Swimming,Men's 4 x 200m Freestyle Relay,munich-1972,BRONZE,465760
Swimming,Men's 4 x 200m Freestyle Relay,munich-1972,BRONZE,467370
Swimming,Men's 4 x 200m Freestyle Relay,munich-1972,BRONZE,468660
Swimming,Men's 4 x 200m Freestyle Relay,munich-1972,BRONZE,469110
Swimming,Men's 4 x 200m Freestyle Relay,munich-1972,BRONZE,473610
Swimming,Men's 4 x 200m Freestyle Relay,munich-1972,BRONZE,475590
Swimming,Men's 4 x 200m Freestyle Relay,munich-1972,BRONZE,475590
Swimming,Men's 4 x 200m Freestyle Relay,munich-1972,BRONZE,475590
Swimming,Men's 4 x 200m Freestyle Relay,munich-1972,BRONZE,475590
Swimming,Men's 4 x 100m Freestyle Relay,munich-1972,GOLD,206420
Swimming,Men's 4 x 100m Freestyle Relay,munich-1972,SILVER,209720
Swimming,Men's 4 x 100m Freestyle Relay,munich-1972,BRONZE,212420
Swimming,Men's 4 x 100m Freestyle Relay,munich-1972,BRONZE,213140
Swimming,Men's 4 x 100m Freestyle Relay,munich-1972,BRONZE,213200
Swimming,Men's 4 x 100m Freestyle Relay,munich-1972,BRONZE,213900
Swimming,Men's 4 x 100m Freestyle Relay,munich-1972,BRONZE,214130
Swimming,Men's 4 x 100m Freestyle Relay,munich-1972,BRONZE,218210
Swimming,Men's 4 x 100m Freestyle Relay,munich-1972,GOLD,235190
Swimming,Men's 4 x 100m Freestyle Relay,munich-1972,SILVER,235550
Swimming,Men's 4 x 100m Freestyle Relay,munich-1972,BRONZE,237930
Swimming,Men's 4 x 100m Freestyle Relay,munich-1972,BRONZE,240390
Swimming,Men's 4 x 100m Freestyle Relay,munich-1972,BRONZE,241490
Swimming,Men's 4 x 100m Freestyle Relay,munich-1972,BRONZE,242690
Swimming,Men's 4 x 100m Freestyle Relay,munich-1972,BRONZE,243830
Swimming,Men's 4 x 100m Freestyle Relay,munich-1972,BRONZE,244820
Athletics,Men's 4 x 400m Relay,munich-1972,GOLD,179830
Athletics,Men's 4 x 400m Relay,munich-1972,SILVER,180460
Athletics,Men's 4 x 400m Relay,munich-1972,BRONZE,180650
Athletics,Men's 4 x 400m Relay,munich-1972,BRONZE,180880
Athletics,Men's 4 x 400m Relay,munich-1972,BRONZE,181050
Athletics,Men's 4 x 400m Relay,munich-1972,BRONZE,181120
Athletics,Men's 4 x 400m Relay,munich-1972,BRONZE,182570
Athletics,Men's 4 x 400m Relay,munich-1972,BRONZE,183580
Athletics,Men's 4 x 100m Relay,munich-1972,GOLD,38190
Athletics,Men's 4 x 100m Relay,munich-1972,SILVER,38500
Athletics,Men's 4 x 100m Relay,munich-1972,BRONZE,38790
Athletics,Men's 4 x 100m Relay,munich-1972,BRONZE,38820
Athletics,Men's 4 x 100m Relay,munich-1972,BRONZE,38900
Athletics,Men's 4 x 100m Relay,munich-1972,BRONZE,39030
Athletics,Men's 4 x 100m Relay,munich-1972,BRONZE,39140
Athletics,Men's 4 x 100m Relay,munich-1972,BRONZE,39140
Athletics,Women's 4 x 100m Relay,munich-1972,GOLD,42810
Athletics,Women's 4 x 100m Relay,munich-1972,SILVER,42950
Athletics,Women's 4 x 100m Relay,munich-1972,BRONZE,43360
Athletics,Women's 4 x 100m Relay,munich-1972,BRONZE,43390
Athletics,Women's 4 x 100m Relay,munich-1972,BRONZE,43590
Athletics,Women's 4 x 100m Relay,munich-1972,BRONZE,43610
Athletics,Women's 4 x 100m Relay,munich-1972,BRONZE,43710
Athletics,Women's 4 x 100m Relay,munich-1972,BRONZE,44200
Athletics,Women's 4 x 400m Relay,munich-1972,GOLD,202950
Athletics,Women's 4 x 400m Relay,munich-1972,SILVER,205150
Athletics,Women's 4 x 400m Relay,munich-1972,BRONZE,206510
Athletics,Women's 4 x 400m Relay,munich-1972,BRONZE,207520
Athletics,Women's 4 x 400m Relay,munich-1972,BRONZE,208740
Athletics,Women's 4 x 400m Relay,munich-1972,BRONZE,208840
Athletics,Women's 4 x 400m Relay,munich-1972,BRONZE,209440
Athletics,Women's 4 x 400m Relay,munich-1972,BRONZE,211890
Swimming,Men's 4 x 100m Freestyle Relay,mexico-city-1968,GOLD,211700
Swimming,Men's 4 x 100m Freestyle Relay,mexico-city-1968,SILVER,214200
Swimming,Men's 4 x 100m Freestyle Relay,mexico-city-1968,BRONZE,214700
Swimming,Men's 4 x 100m Freestyle Relay,mexico-city-1968,BRONZE,218400
Swimming,Men's 4 x 100m Freestyle Relay,mexico-city-1968,BRONZE,218800
Swimming,Men's 4 x 100m Freestyle Relay,mexico-city-1968,BRONZE,219000
Swimming,Men's 4 x 100m Freestyle Relay,mexico-city-1968,BRONZE,219200
Swimming,Men's 4 x 100m Freestyle Relay,mexico-city-1968,BRONZE,221500
Swimming,Men's 4 x 200m Freestyle Relay,mexico-city-1968,GOLD,472300
Swimming,Men's 4 x 200m Freestyle Relay,mexico-city-1968,SILVER,473700
Swimming,Men's 4 x 200m Freestyle Relay,mexico-city-1968,BRONZE,481600
Swimming,Men's 4 x 200m Freestyle Relay,mexico-city-1968,BRONZE,483200
Swimming,Men's 4 x 200m Freestyle Relay,mexico-city-1968,BRONZE,483700
Swimming,Men's 4 x 200m Freestyle Relay,mexico-city-1968,BRONZE,484300
Swimming,Men's 4 x 200m Freestyle Relay,mexico-city-1968,BRONZE,486000
Swimming,Men's 4 x 200m Freestyle Relay,mexico-city-1968,BRONZE,492100
Swimming,Men's 4 x 200m Freestyle Relay,mexico-city-1968,BRONZE,492100
Swimming,Men's 4 x 100m Freestyle Relay,mexico-city-1968,GOLD,242500
Swimming,Men's 4 x 100m Freestyle Relay,mexico-city-1968,SILVER,245700
Swimming,Men's 4 x 100m Freestyle Relay,mexico-city-1968,BRONZE,247200
Swimming,Men's 4 x 100m Freestyle Relay,mexico-city-1968,BRONZE,248700
Swimming,Men's 4 x 100m Freestyle Relay,mexico-city-1968,BRONZE,251000
Swimming,Men's 4 x 100m Freestyle Relay,mexico-city-1968,BRONZE,253600
Swimming,Men's 4 x 100m Freestyle Relay,mexico-city-1968,BRONZE,258000
Swimming,Men's 4 x 100m Freestyle Relay,mexico-city-1968,BRONZE,258000
Athletics,Men's 4 x 400m Relay,mexico-city-1968,GOLD,176100
Athletics,Men's 4 x 400m Relay,mexico-city-1968,SILVER,179600
Athletics,Men's 4 x 400m Relay,mexico-city-1968,BRONZE,180500
Athletics,Men's 4 x 400m Relay,mexico-city-1968,BRONZE,180500
Athletics,Men's 4 x 400m Relay,mexico-city-1968,BRONZE,181200
Athletics,Men's 4 x 400m Relay,mexico-city-1968,BRONZE,184500
Athletics,Men's 4 x 400m Relay,mexico-city-1968,BRONZE,184600
Athletics,Men's 4 x 400m Relay,mexico-city-1968,BRONZE,187500
Athletics,Women's 4 x 100m Relay,mexico-city-1968,GOLD,42800
Athletics,Women's 4 x 100m Relay,mexico-city-1968,SILVER,43300
Athletics,Women's 4 x 100m Relay,mexico-city-1968,BRONZE,43400
Athletics,Women's 4 x 100m Relay,mexico-city-1968,BRONZE,43400
Athletics,Women's 4 x 100m Relay,mexico-city-1968,BRONZE,43400
Athletics,Women's 4 x 100m Relay,mexico-city-1968,BRONZE,43600
Athletics,Women's 4 x 100m Relay,mexico-city-1968,BRONZE,43700
Athletics,Women's 4 x 100m Relay,mexico-city-1968,BRONZE,44200
Athletics,Men's 4 x 100m Relay,mexico-city-1968,GOLD,38200
Athletics,Men's 4 x 100m Relay,mexico-city-1968,SILVER,38300
Athletics,Men's 4 x 100m Relay,mexico-city-1968,BRONZE,38400
Athletics,Men's 4 x 100m Relay,mexico-city-1968,BRONZE,38400
Athletics,Men's 4 x 100m Relay,mexico-city-1968,BRONZE,38600
Athletics,Men's 4 x 100m Relay,mexico-city-1968,BRONZE,38700
Athletics,Men's 4 x 100m Relay,mexico-city-1968,BRONZE,39200
Athletics,Men's 4 x 100m Relay,mexico-city-1968,BRONZE,39200
Swimming,Men's 4 x 200m Freestyle Relay,tokyo-1964,GOLD,472100
Swimming,Men's 4 x 200m Freestyle Relay,tokyo-1964,SILVER,479300
Swimming,Men's 4 x 200m Freestyle Relay,tokyo-1964,BRONZE,483800
Swimming,Men's 4 x 200m Freestyle Relay,tokyo-1964,BRONZE,485700
Swimming,Men's 4 x 200m Freestyle Relay,tokyo-1964,BRONZE,488000
Swimming,Men's 4 x 200m Freestyle Relay,tokyo-1964,BRONZE,488700
Swimming,Men's 4 x 200m Freestyle Relay,tokyo-1964,BRONZE,495100
Swimming,Men's 4 x 200m Freestyle Relay,tokyo-1964,BRONZE,498100
Swimming,Men's 4 x 100m Freestyle Relay,tokyo-1964,GOLD,213200
Swimming,Men's 4 x 100m Freestyle Relay,tokyo-1964,SILVER,217200
Swimming,Men's 4 x 100m Freestyle Relay,tokyo-1964,BRONZE,219100
Swimming,Men's 4 x 100m Freestyle Relay,tokyo-1964,BRONZE,220500
Swimming,Men's 4 x 100m Freestyle Relay,tokyo-1964,BRONZE,220700
Swimming,Men's 4 x 100m Freestyle Relay,tokyo-1964,BRONZE,222100
Swimming,Men's 4 x 100m Freestyle Relay,tokyo-1964,BRONZE,222600
Swimming,Men's 4 x 100m Freestyle Relay,tokyo-1964,BRONZE,222600
Swimming,Men's 4 x 100m Freestyle Relay,tokyo-1964,GOLD,243800
Swimming,Men's 4 x 100m Freestyle Relay,tokyo-1964,SILVER,246900
Swimming,Men's 4 x 100m Freestyle Relay,tokyo-1964,BRONZE,252000
Swimming,Men's 4 x 100m Freestyle Relay,tokyo-1964,BRONZE,252100
Swimming,Men's 4 x 100m Freestyle Relay,tokyo-1964,BRONZE,254000
Swimming,Men's 4 x 100m Freestyle Relay,tokyo-1964,BRONZE,255000
Swimming,Men's 4 x 100m Freestyle Relay,tokyo-1964,BRONZE,255900
Swimming,Men's 4 x 100m Freestyle Relay,tokyo-1964,BRONZE,257200
Athletics,Women's 4 x 100m Relay,tokyo-1964,GOLD,43600
Athletics,Women's 4 x 100m Relay,tokyo-1964,SILVER,43900
Athletics,Women's 4 x 100m Relay,tokyo-1964,BRONZE,44000
Athletics,Women's 4 x 100m Relay,tokyo-1964,BRONZE,44400
Athletics,Women's 4 x 100m Relay,tokyo-1964,BRONZE,44700
Athletics,Women's 4 x 100m Relay,tokyo-1964,BRONZE,45000
Athletics,Women's 4 x 100m Relay,tokyo-1964,BRONZE,45200
Athletics,Women's 4 x 100m Relay,tokyo-1964,BRONZE,46100
Athletics,Men's 4 x 100m Relay,tokyo-1964,GOLD,39000
Athletics,Men's 4 x 100m Relay,tokyo-1964,SILVER,39300
Athletics,Men's 4 x 100m Relay,tokyo-1964,BRONZE,39300
Athletics,Men's 4 x 100m Relay,tokyo-1964,BRONZE,39400
Athletics,Men's 4 x 100m Relay,tokyo-1964,BRONZE,39400
Athletics,Men's 4 x 100m Relay,tokyo-1964,BRONZE,39500
Athletics,Men's 4 x 100m Relay,tokyo-1964,BRONZE,39500
Athletics,Men's 4 x 100m Relay,tokyo-1964,BRONZE,39600
Athletics,Men's 4 x 400m Relay,tokyo-1964,GOLD,180700
Athletics,Men's 4 x 400m Relay,tokyo-1964,SILVER,181600
Athletics,Men's 4 x 400m Relay,tokyo-1964,BRONZE,181700
Athletics,Men's 4 x 400m Relay,tokyo-1964,BRONZE,182300
Athletics,Men's 4 x 400m Relay,tokyo-1964,BRONZE,184300
Athletics,Men's 4 x 400m Relay,tokyo-1964,BRONZE,185300
Athletics,Men's 4 x 400m Relay,tokyo-1964,BRONZE,185900
Athletics,Men's 4 x 400m Relay,tokyo-1964,BRONZE,187400
Athletics,Men's 4 x 100m Relay,rome-1960,GOLD,39500
Athletics,Men's 4 x 100m Relay,rome-1960,SILVER,40100
Athletics,Men's 4 x 100m Relay,rome-1960,BRONZE,40200
Athletics,Men's 4 x 100m Relay,rome-1960,BRONZE,40200
Athletics,Men's 4 x 100m Relay,rome-1960,BRONZE,40700
Athletics,Men's 4 x 400m Relay,rome-1960,GOLD,182200
Athletics,Men's 4 x 400m Relay,rome-1960,SILVER,182700
Athletics,Men's 4 x 400m Relay,rome-1960,BRONZE,184000
Athletics,Men's 4 x 400m Relay,rome-1960,BRONZE,185000
Athletics,Men's 4 x 400m Relay,rome-1960,BRONZE,188300
Athletics,Men's 4 x 400m Relay,rome-1960,BRONZE,189400
Athletics,Women's 4 x 100m Relay,rome-1960,GOLD,44500
Athletics,Women's 4 x 100m Relay,rome-1960,SILVER,44800
Athletics,Women's 4 x 100m Relay,rome-1960,BRONZE,45000
Athletics,Women's 4 x 100m Relay,rome-1960,BRONZE,45200
Athletics,Women's 4 x 100m Relay,rome-1960,BRONZE,45600
Swimming,Men's 4 x 200m Freestyle Relay,rome-1960,GOLD,490200
Swimming,Men's 4 x 200m Freestyle Relay,rome-1960,SILVER,493200
Swimming,Men's 4 x 200m Freestyle Relay,rome-1960,BRONZE,493800
Swimming,Men's 4 x 200m Freestyle Relay,rome-1960,BRONZE,508100
Swimming,Men's 4 x 200m Freestyle Relay,rome-1960,BRONZE,509700
Swimming,Men's 4 x 200m Freestyle Relay,rome-1960,BRONZE,511000
Swimming,Men's 4 x 200m Freestyle Relay,rome-1960,BRONZE,511800
Swimming,Men's 4 x 200m Freestyle Relay,rome-1960,BRONZE,512200
Swimming,Men's 4 x 100m Freestyle Relay,rome-1960,GOLD,248900
Swimming,Men's 4 x 100m Freestyle Relay,rome-1960,SILVER,251300
Swimming,Men's 4 x 100m Freestyle Relay,rome-1960,BRONZE,259700
Swimming,Men's 4 x 100m Freestyle Relay,rome-1960,BRONZE,261200
Swimming,Men's 4 x 100m Freestyle Relay,rome-1960,BRONZE,264600
Swimming,Men's 4 x 100m Freestyle Relay,rome-1960,BRONZE,265100
Swimming,Men's 4 x 100m Freestyle Relay,rome-1960,BRONZE,266800
Swimming,Men's 4 x 100m Freestyle Relay,rome-1960,BRONZE,269000
Swimming,Men's 4 x 100m Freestyle Relay,rome-1960,BRONZE,269000
Athletics,Men's 4 x 100m Relay,melbourne-1956,GOLD,39500
Athletics,Men's 4 x 100m Relay,melbourne-1956,SILVER,39800
Athletics,Men's 4 x 100m Relay,melbourne-1956,BRONZE,40300
Athletics,Men's 4 x 100m Relay,melbourne-1956,BRONZE,40300
Athletics,Men's 4 x 100m Relay,melbourne-1956,BRONZE,40600
Athletics,Men's 4 x 100m Relay,melbourne-1956,BRONZE,40600
Athletics,Men's 4 x 400m Relay,melbourne-1956,GOLD,184800
Athletics,Men's 4 x 400m Relay,melbourne-1956,SILVER,186200
Athletics,Men's 4 x 400m Relay,melbourne-1956,BRONZE,187200
Athletics,Men's 4 x 400m Relay,melbourne-1956,BRONZE,188200
Athletics,Men's 4 x 400m Relay,melbourne-1956,BRONZE,190200
Athletics,Women's 4 x 100m Relay,melbourne-1956,GOLD,44500
Athletics,Women's 4 x 100m Relay,melbourne-1956,SILVER,44700
Athletics,Women's 4 x 100m Relay,melbourne-1956,BRONZE,44900
Athletics,Women's 4 x 100m Relay,melbourne-1956,BRONZE,45600
Athletics,Women's 4 x 100m Relay,melbourne-1956,BRONZE,45700
Athletics,Women's 4 x 100m Relay,melbourne-1956,BRONZE,47200
Swimming,Men's 4 x 100m Freestyle Relay,melbourne-1956,GOLD,257100
Swimming,Men's 4 x 100m Freestyle Relay,melbourne-1956,SILVER,259200
Swimming,Men's 4 x 100m Freestyle Relay,melbourne-1956,BRONZE,265700
Swimming,Men's 4 x 100m Freestyle Relay,melbourne-1956,BRONZE,266100
Swimming,Men's 4 x 100m Freestyle Relay,melbourne-1956,BRONZE,268300
Swimming,Men's 4 x 100m Freestyle Relay,melbourne-1956,BRONZE,270000
Swimming,Men's 4 x 100m Freestyle Relay,melbourne-1956,BRONZE,271100
Swimming,Men's 4 x 100m Freestyle Relay,melbourne-1956,BRONZE,275800
Swimming,Men's 4 x 200m Freestyle Relay,melbourne-1956,GOLD,503600
Swimming,Men's 4 x 200m Freestyle Relay,melbourne-1956,SILVER,511500
Swimming,Men's 4 x 200m Freestyle Relay,melbourne-1956,BRONZE,514700
Swimming,Men's 4 x 200m Freestyle Relay,melbourne-1956,BRONZE,516600
Swimming,Men's 4 x 200m Freestyle Relay,melbourne-1956,BRONZE,523400
Swimming,Men's 4 x 200m Freestyle Relay,melbourne-1956,BRONZE,525200
Swimming,Men's 4 x 200m Freestyle Relay,melbourne-1956,BRONZE,526200
Swimming,Men's 4 x 200m Freestyle Relay,melbourne-1956,BRONZE,529500
Athletics,Men's 4 x 100m Relay,helsinki-1952,GOLD,40100
Athletics,Men's 4 x 100m Relay,helsinki-1952,SILVER,40300
Athletics,Men's 4 x 100m Relay,helsinki-1952,BRONZE,40500
Athletics,Men's 4 x 100m Relay,helsinki-1952,BRONZE,40600
Athletics,Men's 4 x 100m Relay,helsinki-1952,BRONZE,40900
Athletics,Men's 4 x 100m Relay,helsinki-1952,BRONZE,41200
Athletics,Men's 4 x 400m Relay,helsinki-1952,GOLD,183900
Athletics,Men's 4 x 400m Relay,helsinki-1952,SILVER,184000
Athletics,Men's 4 x 400m Relay,helsinki-1952,BRONZE,186600
Athletics,Men's 4 x 400m Relay,helsinki-1952,BRONZE,189300
Athletics,Men's 4 x 400m Relay,helsinki-1952,BRONZE,190000
Athletics,Men's 4 x 400m Relay,helsinki-1952,BRONZE,190100
Athletics,Women's 4 x 100m Relay,helsinki-1952,GOLD,45900
Athletics,Women's 4 x 100m Relay,helsinki-1952,SILVER,45900
Athletics,Women's 4 x 100m Relay,helsinki-1952,BRONZE,46200
Athletics,Women's 4 x 100m Relay,helsinki-1952,BRONZE,46300
Athletics,Women's 4 x 100m Relay,helsinki-1952,BRONZE,46600
Athletics,Women's 4 x 100m Relay,helsinki-1952,BRONZE,47800
Swimming,Men's 4 x 200m Freestyle Relay,helsinki-1952,GOLD,511100
Swimming,Men's 4 x 200m Freestyle Relay,helsinki-1952,SILVER,513500
Swimming,Men's 4 x 200m Freestyle Relay,helsinki-1952,BRONZE,525900
Swimming,Men's 4 x 200m Freestyle Relay,helsinki-1952,BRONZE,526800
Swimming,Men's 4 x 200m Freestyle Relay,helsinki-1952,BRONZE,532600
Swimming,Men's 4 x 200m Freestyle Relay,helsinki-1952,BRONZE,532900
Swimming,Men's 4 x 200m Freestyle Relay,helsinki-1952,BRONZE,535100
Swimming,Men's 4 x 200m Freestyle Relay,helsinki-1952,BRONZE,536900
Swimming,Men's 4 x 200m Freestyle Relay,helsinki-1952,BRONZE,536900
Swimming,Men's 4 x 200m Freestyle Relay,helsinki-1952,BRONZE,536900
Swimming,Men's 4 x 100m Freestyle Relay,helsinki-1952,GOLD,264400
Swimming,Men's 4 x 100m Freestyle Relay,helsinki-1952,SILVER,269000
Swimming,Men's 4 x 100m Freestyle Relay,helsinki-1952,BRONZE,270100
Swimming,Men's 4 x 100m Freestyle Relay,helsinki-1952,BRONZE,276200
Swimming,Men's 4 x 100m Freestyle Relay,helsinki-1952,BRONZE,277800
Swimming,Men's 4 x 100m Freestyle Relay,helsinki-1952,BRONZE,279000
Swimming,Men's 4 x 100m Freestyle Relay,helsinki-1952,BRONZE,280300
Swimming,Men's 4 x 100m Freestyle Relay,helsinki-1952,BRONZE,284100
Swimming,Men's 4 x 100m Freestyle Relay,london-1948,GOLD,269200
Swimming,Men's 4 x 100m Freestyle Relay,london-1948,SILVER,269600
Swimming,Men's 4 x 100m Freestyle Relay,london-1948,BRONZE,271600
Swimming,Men's 4 x 100m Freestyle Relay,london-1948,BRONZE,274700
Swimming,Men's 4 x 100m Freestyle Relay,london-1948,BRONZE,284800
Swimming,Men's 4 x 100m Freestyle Relay,london-1948,BRONZE,289100
Swimming,Men's 4 x 100m Freestyle Relay,london-1948,BRONZE,289800
Swimming,Men's 4 x 100m Freestyle Relay,london-1948,BRONZE,289800
Swimming,Men's 4 x 200m Freestyle Relay,london-1948,GOLD,526000
Swimming,Men's 4 x 200m Freestyle Relay,london-1948,SILVER,528400
Swimming,Men's 4 x 200m Freestyle Relay,london-1948,BRONZE,548000
Swimming,Men's 4 x 200m Freestyle Relay,london-1948,BRONZE,549100
Swimming,Men's 4 x 200m Freestyle Relay,london-1948,BRONZE,554000
Swimming,Men's 4 x 200m Freestyle Relay,london-1948,BRONZE,559200
Swimming,Men's 4 x 200m Freestyle Relay,london-1948,BRONZE,560200
Swimming,Men's 4 x 200m Freestyle Relay,london-1948,BRONZE,571000
Swimming,Men's 4 x 200m Freestyle Relay,london-1948,BRONZE,571000
Swimming,Men's 4 x 200m Freestyle Relay,london-1948,BRONZE,571000
Athletics,Women's 4 x 100m Relay,london-1948,GOLD,47500
Athletics,Women's 4 x 100m Relay,london-1948,SILVER,47600
Athletics,Women's 4 x 100m Relay,london-1948,BRONZE,47800
Athletics,Women's 4 x 100m Relay,london-1948,BRONZE,48000
Athletics,Women's 4 x 100m Relay,london-1948,BRONZE,48200
Athletics,Women's 4 x 100m Relay,london-1948,BRONZE,49200
Athletics,Men's 4 x 400m Relay,london-1948,GOLD,190400
Athletics,Men's 4 x 400m Relay,london-1948,SILVER,194800
Athletics,Men's 4 x 400m Relay,london-1948,BRONZE,196000
Athletics,Men's 4 x 400m Relay,london-1948,BRONZE,204800
Athletics,Men's 4 x 100m Relay,london-1948,GOLD,40600
Athletics,Men's 4 x 100m Relay,london-1948,SILVER,41300
Athletics,Men's 4 x 100m Relay,london-1948,BRONZE,41500
Athletics,Men's 4 x 100m Relay,london-1948,BRONZE,41600
Athletics,Men's 4 x 100m Relay,london-1948,BRONZE,41900
Athletics,Men's 4 x 100m Relay,london-1948,BRONZE,41900
Athletics,Women's 4 x 100m Relay,berlin-1936,GOLD,46900
Athletics,Women's 4 x 100m Relay,berlin-1936,SILVER,47600
Athletics,Women's 4 x 100m Relay,berlin-1936,BRONZE,47800
Athletics,Women's 4 x 100m Relay,berlin-1936,BRONZE,48700
Athletics,Women's 4 x 100m Relay,berlin-1936,BRONZE,48800
Athletics,Men's 4 x 100m Relay,berlin-1936,GOLD,39800
Athletics,Men's 4 x 100m Relay,berlin-1936,SILVER,41100
Athletics,Men's 4 x 100m Relay,berlin-1936,BRONZE,41200
Athletics,Men's 4 x 100m Relay,berlin-1936,BRONZE,42200
Athletics,Men's 4 x 100m Relay,berlin-1936,BRONZE,42700
Athletics,Men's 4 x 400m Relay,berlin-1936,GOLD,189000
Athletics,Men's 4 x 400m Relay,berlin-1936,SILVER,191000
Athletics,Men's 4 x 400m Relay,berlin-1936,BRONZE,191800
Athletics,Men's 4 x 400m Relay,berlin-1936,BRONZE,191800
Athletics,Men's 4 x 400m Relay,berlin-1936,BRONZE,193000
Athletics,Men's 4 x 400m Relay,berlin-1936,BRONZE,194800
Swimming,Men's 4 x 100m Freestyle Relay,berlin-1936,GOLD,276000
Swimming,Men's 4 x 100m Freestyle Relay,berlin-1936,SILVER,276800
Swimming,Men's 4 x 100m Freestyle Relay,berlin-1936,BRONZE,280200
Swimming,Men's 4 x 100m Freestyle Relay,berlin-1936,BRONZE,288000
Swimming,Men's 4 x 100m Freestyle Relay,berlin-1936,BRONZE,288000
Swimming,Men's 4 x 100m Freestyle Relay,berlin-1936,BRONZE,291000
Swimming,Men's 4 x 100m Freestyle Relay,berlin-1936,BRONZE,291400
Swimming,Men's 4 x 200m Freestyle Relay,berlin-1936,GOLD,531500
Swimming,Men's 4 x 200m Freestyle Relay,berlin-1936,SILVER,543000
Swimming,Men's 4 x 200m Freestyle Relay,berlin-1936,BRONZE,552300
Swimming,Men's 4 x 200m Freestyle Relay,berlin-1936,BRONZE,558200
Swimming,Men's 4 x 200m Freestyle Relay,berlin-1936,BRONZE,559000
Swimming,Men's 4 x 200m Freestyle Relay,berlin-1936,BRONZE,561500
Swimming,Men's 4 x 200m Freestyle Relay,berlin-1936,BRONZE,567500
Swimming,Men's 4 x 200m Freestyle Relay,berlin-1936,BRONZE,577500
Swimming,Men's 4 x 200m Freestyle Relay,berlin-1936,BRONZE,577500
Swimming,Men's 4 x 200m Freestyle Relay,berlin-1936,BRONZE,577500
Swimming,Men's 4 x 200m Freestyle Relay,berlin-1936,BRONZE,577500
Athletics,Men's 4 x 400m Relay,los-angeles-1932,GOLD,188200
Athletics,Men's 4 x 400m Relay,los-angeles-1932,SILVER,191200
Athletics,Men's 4 x 400m Relay,los-angeles-1932,BRONZE,192800
Athletics,Men's 4 x 400m Relay,los-angeles-1932,BRONZE,194400
Athletics,Men's 4 x 400m Relay,los-angeles-1932,BRONZE,194600
Athletics,Men's 4 x 400m Relay,los-angeles-1932,BRONZE,197800
Athletics,Men's 4 x 100m Relay,los-angeles-1932,GOLD,40000
Athletics,Men's 4 x 100m Relay,los-angeles-1932,SILVER,40900
Athletics,Men's 4 x 100m Relay,los-angeles-1932,BRONZE,41200
Athletics,Men's 4 x 100m Relay,los-angeles-1932,BRONZE,41300
Athletics,Men's 4 x 100m Relay,los-angeles-1932,BRONZE,41300
Athletics,Men's 4 x 100m Relay,los-angeles-1932,BRONZE,41400
Athletics,Women's 4 x 100m Relay,los-angeles-1932,GOLD,47000
Athletics,Women's 4 x 100m Relay,los-angeles-1932,SILVER,47000
Athletics,Women's 4 x 100m Relay,los-angeles-1932,BRONZE,47600
Athletics,Women's 4 x 100m Relay,los-angeles-1932,BRONZE,47700
Athletics,Women's 4 x 100m Relay,los-angeles-1932,BRONZE,48900
Athletics,Women's 4 x 100m Relay,los-angeles-1932,BRONZE,50000
Swimming,Men's 4 x 200m Freestyle Relay,los-angeles-1932,GOLD,538400
Swimming,Men's 4 x 200m Freestyle Relay,los-angeles-1932,SILVER,550500
Swimming,Men's 4 x 200m Freestyle Relay,los-angeles-1932,BRONZE,571400
Swimming,Men's 4 x 200m Freestyle Relay,los-angeles-1932,BRONZE,576300
Swimming,Men's 4 x 200m Freestyle Relay,los-angeles-1932,BRONZE,585800
Swimming,Men's 4 x 200m Freestyle Relay,los-angeles-1932,BRONZE,613100
Swimming,Men's 4 x 200m Freestyle Relay,los-angeles-1932,BRONZE,636500
Swimming,Men's 4 x 100m Freestyle Relay,los-angeles-1932,GOLD,278000
Swimming,Men's 4 x 100m Freestyle Relay,los-angeles-1932,SILVER,287500
Swimming,Men's 4 x 100m Freestyle Relay,los-angeles-1932,BRONZE,292400
Swimming,Men's 4 x 100m Freestyle Relay,los-angeles-1932,BRONZE,305700
Swimming,Men's 4 x 100m Freestyle Relay,los-angeles-1932,BRONZE,306700
Athletics,Men's 4 x 100m Relay,amsterdam-1928,GOLD,41000
Athletics,Men's 4 x 100m Relay,amsterdam-1928,SILVER,41200
Athletics,Men's 4 x 100m Relay,amsterdam-1928,BRONZE,41800
Athletics,Men's 4 x 100m Relay,amsterdam-1928,BRONZE,42000
Athletics,Men's 4 x 100m Relay,amsterdam-1928,BRONZE,42600
Athletics,Women's 4 x 100m Relay,amsterdam-1928,GOLD,48400
Athletics,Women's 4 x 100m Relay,amsterdam-1928,SILVER,48800
Athletics,Women's 4 x 100m Relay,amsterdam-1928,BRONZE,49000
Athletics,Women's 4 x 100m Relay,amsterdam-1928,BRONZE,49600
Athletics,Women's 4 x 100m Relay,amsterdam-1928,BRONZE,49800
Athletics,Women's 4 x 100m Relay,amsterdam-1928,BRONZE,53600
Athletics,Men's 4 x 400m Relay,amsterdam-1928,GOLD,194200
Athletics,Men's 4 x 400m Relay,amsterdam-1928,SILVER,194800
Athletics,Men's 4 x 400m Relay,amsterdam-1928,BRONZE,195400
Athletics,Men's 4 x 400m Relay,amsterdam-1928,BRONZE,195800
Athletics,Men's 4 x 400m Relay,amsterdam-1928,BRONZE,196400
Athletics,Men's 4 x 400m Relay,amsterdam-1928,BRONZE,199400
Swimming,Men's 4 x 100m Freestyle Relay,amsterdam-1928,GOLD,287600
Swimming,Men's 4 x 100m Freestyle Relay,amsterdam-1928,SILVER,302800
Swimming,Men's 4 x 100m Freestyle Relay,amsterdam-1928,BRONZE,313400
Swimming,Men's 4 x 100m Freestyle Relay,amsterdam-1928,BRONZE,314400
Swimming,Men's 4 x 100m Freestyle Relay,amsterdam-1928,BRONZE,332000
Swimming,Men's 4 x 100m Freestyle Relay,amsterdam-1928,BRONZE,332000
Swimming,Men's 4 x 200m Freestyle Relay,amsterdam-1928,GOLD,576200
Swimming,Men's 4 x 200m Freestyle Relay,amsterdam-1928,SILVER,581400
Swimming,Men's 4 x 200m Freestyle Relay,amsterdam-1928,BRONZE,587800
Swimming,Men's 4 x 200m Freestyle Relay,amsterdam-1928,BRONZE,597000
Swimming,Men's 4 x 200m Freestyle Relay,amsterdam-1928,BRONZE,601800
Swimming,Men's 4 x 200m Freestyle Relay,amsterdam-1928,BRONZE,615800
Swimming,Men's 4 x 200m Freestyle Relay,amsterdam-1928,BRONZE,703000
Swimming,Men's 4 x 200m Freestyle Relay,amsterdam-1928,BRONZE,703000
Swimming,Men's 4 x 200m Freestyle Relay,amsterdam-1928,BRONZE,703000
Swimming,Men's 4 x 200m Freestyle Relay,amsterdam-1928,BRONZE,703000
Swimming,Men's 4 x 200m Freestyle Relay,amsterdam-1928,BRONZE,703000
Athletics,Men's 4 x 100m Relay,paris-1924,GOLD,41000
Athletics,Men's 4 x 100m Relay,paris-1924,SILVER,41200
Athletics,Men's 4 x 100m Relay,paris-1924,BRONZE,41800
Athletics,Men's 4 x 100m Relay,paris-1924,BRONZE,42000
Athletics,Men's 4 x 100m Relay,paris-1924,BRONZE,42200
Athletics,Men's 4 x 400m Relay,paris-1924,GOLD,196000
Athletics,Men's 4 x 400m Relay,paris-1924,SILVER,197000
Athletics,Men's 4 x 400m Relay,paris-1924,BRONZE,197400
Athletics,Men's 4 x 400m Relay,paris-1924,BRONZE,202800
Athletics,Men's 4 x 400m Relay,paris-1924,BRONZE,203400
Athletics,Men's 4 x 400m Relay,paris-1924,BRONZE,208000
Swimming,Men's 4 x 100m Freestyle Relay,paris-1924,GOLD,298800
Swimming,Men's 4 x 100m Freestyle Relay,paris-1924,SILVER,317000
Swimming,Men's 4 x 100m Freestyle Relay,paris-1924,BRONZE,335600
Swimming,Men's 4 x 100m Freestyle Relay,paris-1924,BRONZE,342400
Swimming,Men's 4 x 100m Freestyle Relay,paris-1924,BRONZE,343400
Swimming,Men's 4 x 100m Freestyle Relay,paris-1924,BRONZE,345800
Swimming,Men's 4 x 200m Freestyle Relay,paris-1924,GOLD,593400
Swimming,Men's 4 x 200m Freestyle Relay,paris-1924,SILVER,602200
Swimming,Men's 4 x 200m Freestyle Relay,paris-1924,BRONZE,606800
Swimming,Men's 4 x 200m Freestyle Relay,paris-1924,BRONZE,616200
Swimming,Men's 4 x 200m Freestyle Relay,paris-1924,BRONZE,619400
Swimming,Men's 4 x 200m Freestyle Relay,paris-1924,BRONZE,619400
Swimming,Men's 4 x 200m Freestyle Relay,paris-1924,BRONZE,619400
Swimming,Men's 4 x 100m Freestyle Relay,antwerp-1920,GOLD,311600
Swimming,Men's 4 x 100m Freestyle Relay,antwerp-1920,SILVER,340800
Swimming,Men's 4 x 100m Freestyle Relay,antwerp-1920,BRONZE,343600
Swimming,Men's 4 x 200m Freestyle Relay,antwerp-1920,GOLD,604400
Swimming,Men's 4 x 200m Freestyle Relay,antwerp-1920,SILVER,625400
Swimming,Men's 4 x 200m Freestyle Relay,antwerp-1920,BRONZE,637200
Swimming,Men's 4 x 200m Freestyle Relay,antwerp-1920,BRONZE,650200
Swimming,Men's 4 x 200m Freestyle Relay,antwerp-1920,BRONZE,650200
Athletics,Men's 4 x 100m Relay,antwerp-1920,GOLD,42200
Athletics,Men's 4 x 100m Relay,antwerp-1920,SILVER,42.5est
Athletics,Men's 4 x 100m Relay,antwerp-1920,BRONZE,42.8est
Athletics,Men's 4 x 100m Relay,antwerp-1920,BRONZE,43.0est
Athletics,Men's 4 x 100m Relay,antwerp-1920,BRONZE,43.3est
Athletics,Men's 4 x 100m Relay,antwerp-1920,BRONZE,43.6est
Athletics,Men's 4 x 400m Relay,antwerp-1920,GOLD,202200
Athletics,Men's 4 x 400m Relay,antwerp-1920,SILVER,3:23.0est
Athletics,Men's 4 x 400m Relay,antwerp-1920,BRONZE,3:23.5est
Athletics,Men's 4 x 400m Relay,antwerp-1920,BRONZE,3:23.6est
Athletics,Men's 4 x 400m Relay,antwerp-1920,BRONZE,3:24.3est
Athletics,Men's 4 x 400m Relay,antwerp-1920,BRONZE,3:24.9est
Athletics,Men's 4 x 400m Relay,stockholm-1912,GOLD,196600
Athletics,Men's 4 x 400m Relay,stockholm-1912,SILVER,200700
Athletics,Men's 4 x 400m Relay,stockholm-1912,BRONZE,203200
Athletics,Men's 4 x 100m Relay,stockholm-1912,GOLD,42400
Athletics,Men's 4 x 100m Relay,stockholm-1912,SILVER,42600
Swimming,Men's 4 x 100m Freestyle Relay,stockholm-1912,GOLD,352800
Swimming,Men's 4 x 100m Freestyle Relay,stockholm-1912,SILVER,364600
Swimming,Men's 4 x 100m Freestyle Relay,stockholm-1912,BRONZE,377000
Swimming,Men's 4 x 100m Freestyle Relay,stockholm-1912,BRONZE,377000
Swimming,Men's 4 x 200m Freestyle Relay,stockholm-1912,GOLD,188800
Swimming,Men's 4 x 200m Freestyle Relay,stockholm-1912,SILVER,188800
Swimming,Men's 4 x 200m Freestyle Relay,stockholm-1912,BRONZE,188800
Swimming,Men's 4 x 200m Freestyle Relay,stockholm-1912,BRONZE,188800
Swimming,Men's 4 x 200m Freestyle Relay,london-1908,GOLD,655600
Swimming,Men's 4 x 200m Freestyle Relay,london-1908,SILVER,659000
Swimming,Men's 4 x 200m Freestyle Relay,london-1908,BRONZE,662800
Swimming,Men's 4 x 200m Freestyle Relay,london-1908,BRONZE,674000
Swimming,Men's 4 x 200m Freestyle Relay,london-1908,BRONZE,674000
Swimming,Men's 4 x 200m Freestyle Relay,london-1908,BRONZE,674000
Swimming,Men's 4 x 200m Freestyle Relay,london-1908,BRONZE,674000
